شناسه,نام
3433,"سیستم صوتی SSE2.v2 - فکتور"
3434,"پریز برق روکار UPO2 - فکتور"
3435,"شارژر وایرلس BWC1.v2 - فکتور"
3436,"پریز برق توکار FPO2.v2 - فکتور"
3437,"پریز توکار FPO3.v3 - فکتور"
3438,"گاوصندوق کشویی SBX1 - فکتور"
3443,"سوپر ایستاده کمدی WB1205 - یونی هوپر"
3444,"پایه رگال نگهدارنده سقفی TS1412 - یونی هوپر"
3445,"رگال نگهدارنده لباس داخل کمد AP2264 - یونی هوپر"
3446,"رگال چرمی جهت AP2281.OL - یونی هوپر"
3447,"باکس دوبل فلزی DA2103 - یونی هوپر"
3448,"نظم دهنده کابین سرویس روشویی درب دار DA3408 - یونی هوپر"
3449,"قطعه U شکل زیرسینک DA5102 - یونی هوپر"
3450,"لولا 105 درجه آرام‌بند پایه کلیپسی 3D روکار HG1133 - یونی هوپر"
3451,"لولا 107 درجه آرام‌بند پایه ثابت روکار HG1135 - یونی هوپر"
3452,"پایه نگهدارنده سقفی و دیواری TS1409 - یونی هوپر"
3453,"سوپر آسانسوری کریستال WB3312S - یونی هوپر"
3454,"آینه ریلی کمدی WS3103S - یونی هوپر"
3455,"آینه ریلی کمدی به همراه WS3104S LED - یونی هوپر"
3456,"جاکمربند و کروات و زیورآلات ریلی باکس دار WS4118 - یونی هوپر"
3457,"گاو صندوق ریلی دیجیتالی به همراه اثر انگشت WS4138FP - یونی هوپر"
3458,"اتصال نصب کیف جواهرات HD7118.GG - یونی هوپر"
3459,"رگال سقفی ریلی داخل کمد لباس WS4307S - یونی هوپر"
3460,"جای کروات ریلی داخل کمد لباس WS4310S - یونی هوپر"
3461,"جاکفشی گردان چرمی WS4522.ol - یونی هوپر"
3473,"سوپر ایستاده کمدی کریستال WB1205S.GG - یونی هوپر"
3474,"سوپر تاندم یخچالی WB1208S.GG - یونی هوپر"
3475,"سوپر تاندم یخچالی کریستال WB1208 - یونی هوپر"
3476,"رگال نگهدارنده لباس داخل کمد همراه با ضربه گیر AP2175 - یونی هوپر"
3503,"ریل تاندم فول 3D آرام‌بند CL12 - یونی هوپر"
3504,"ریل تاندم فول 3D تاچ CL14 - یونی هوپر"
3505,"ریل تاندم نیمه فول 3D آرام‌بند CL22 - یونی هوپر"
3506,"باکس شیشه به همراه LED و پد باطری و براکت بلند DA2102 + DA1102 - یونی هوپر"
3507,"تقسیم کننده جای قاشق چنگال DA3104E - یونی هوپر"
3533,"جا قاشق چنگال داخل کشو DA3105E - یونی هوپر"
3534,"جا قاشق چنگال چوبی با قابلیت رگلاژ DA3201 - یونی هوپر"
3535,"تقسیم کننده کشو DA3401 - یونی هوپر"
3536,"نظم دهنده داخل کشو DA3402 - یونی هوپر"
3537,"نظم دهنده کابین سرویس روشویی - یونی هوپر"
3538,"ریل تاندم باکس کوتاه DBD1 - یونی هوپر"
3539,"ریل تاندم باکس بلند با 2 میله گالری DD4 - یونی هوپر"
3563,"ریل مجیک باکس با قابلیت کوتاه با بدنه اسلیم 3D با قابلیت رگلاژ DBE.A - یونی هوپر"
3564,"ریل مجیک باکس بلند با بدنه اسلیم 3D با قابلیت رگلاژ DBE.C - یونی هوپر"
3565,"ریل مجیک باکس کوتاه با بدنه شیشه 3D LED با قابلیت رگلاژ DBF.A - یونی هوپر"
3566,"ریل مجیک باکس بلند با بدنه شیشه 3D LED با قابلیت رگلاژ DBF.C - یونی هوپر"
3567,"ریل ساچمه‌ای آرام‌بند DS2101 - یونی هوپر"
3593,"ریل ساچمه‌ای آرام‌بند باریک DS2114 - یونی هوپر"
3594,"ریل ساچمه‌ای تاچ DS2201 - یونی هوپر"
3595,"ریل ساچمه‌ای تاچ باریک DS2202 - یونی هوپر"
3596,"لولا 107 درجه آرام‌بند 2 زمانه پایه کلیپسی 3D روکار HG1112 - یونی هوپر"
3623,"اتصال انتهای رگال سقفی TS1401 - یونی هوپر"
3624,"اتصال وسط نگهدارنده رگال TS1402 - یونی هوپر"
3625,"پایه سقفی نگهدارنده کنج رگال TS1404 - یونی هوپر"
3626,"مجیک کرنر کابینت زمینی کریستال WB2106S - یونی هوپر"
3627,"مجیک کرنر کابینت زمینی WB2106 - یونی هوپر"
3628,"لمن کرنر کابینت زمینی WB2207 - یونی هوپر"
3629,"جای بطری و ادویه زیر صفحه دو طبقه - یونی هوپر"
3630,"جای بطری و ادویه زیر صفحه WB2348 - یونی هوپر"
3653,"سوپر چند منظوره کریستال WB2396S - یونی هوپر"
3654,"سوپر چند منظوره زیرصفحه WB2424S - یونی هوپر"
3655,"سوپر چند منظوره WB2441S - یونی هوپر"
3656,"جاکمربند و کروات و زیورآلات مخملی ریلی WS4117 - یونی هوپر"
3657,"جاکمربند و کروات و زیورآلات چرمی ریلی WS4117L - یونی هوپر"
3658,"سبد حصیری ریلی داخل کمد لباس WS4119 - یونی هوپر"
3659,"طبقه فلزی ریلی داخل کمد لباس WS4120 - یونی هوپر"
3660,"جاشلواری ریلی داخل کمد لباس WS4122 - یونی هوپر"
3683,"جاشلواری ریلی و زیورآلات داخل کمد لباس WS4123 - یونی هوپر"
3684,"جا کفشی فلزی ریلی با صفحه مشبک داخل کمد لباس WS4126 - یونی هوپر"
3685,"جا کفشی مفتولی ریلی داخل کمد لباس WS4127 - یونی هوپر"
3686,"جا البسه ریلی با دیواره شیشه‌ای داخل کمد لباس WS4128 - یونی هوپر"
3687,"جای کمربند و کراوات مخمل ریلی با فرانت چوب WS4140 - یونی هوپر"
3688,"جای کمربند و کراوات مخمل ریلی با فرانت شیشه WS4140G - یونی هوپر"
3689,"سبد حصیری ریلی با فرانت چوب WS4141 - یونی هوپر"
3690,"سبد حصیری ریلی با فرانت شیشه WS4141G - یونی هوپر"
3691,"طبقه فلزی ریلی با فرانت چوب WS4142 - یونی هوپر"
3692,"طبقه فلزی ریلی با فرانت شیشه WS4142G - یونی هوپر"
3713,"جاشلواری ریلی با فرانت چوب WS4143 - یونی هوپر"
3714,"جاشلواری ریلی با فرانت شیشه WS4143G - یونی هوپر"
3715,"جا کفشی فلزی ریلی با فرانت چوب WS4144 - یونی هوپر"
3716,"جا کفشی فلزی ریلی با فرانت شیشه WS4144G - یونی هوپر"
3717,"جای کمربند و کراوات و زیورآلات ریلی داخل کمد لباس WS4153 - یونی هوپر"
3718,"طبقه کشویی ریلی داخل کمد لباس WS4154 - یونی هوپر"
3719,"جا کفشی ریلی داخل کمد لباس - یونی هوپر"
3720,"جای زیورآلات چرمی ریلی با بدنه LED WS4158.TBU - یونی هوپر"
3721,"جای زیورآلات چرمی ریلی با بدنه LED WS4158 - یونی هوپر"
3742,"طبقه چرمی ریلی داخل کمد لباس با بدنه LED WS4159.TBU - یونی هوپر"
3743,"طبقه چرمی ریلی داخل کمد لباس با بدنه LED WS4159 - یونی هوپر"
3744,"جای کفشی چرمی ریلی داخل کمد لباس با بدنه LED WS4160.TBU - یونی هوپر"
3745,"جای کفشی چرمی ریلی داخل کمد لباس با بدنه LED WS4160 - یونی هوپر"
3746,"جای شلوار چرمی ریلی داخل کمد لباس با بدنه LED WS4161S.TBU - یونی هوپر"
3747,"جای شلوار چرمی ریلی داخل کمد لباس با بدنه LED WS4161 - یونی هوپر"
3748,"باکس چرمی ریلی داخل کمد لباس با بدنه LED WS4162S.TBU - یونی هوپر"
3749,"باکس چرمی ریلی داخل کمد لباس با بدنه LED WS4162 - یونی هوپر"
3750,"باکس چرمی چند منظوره ریلی داخل کمد لباس با بدنه LED WS4166.TBU - یونی هوپر"
3751,"جای زیور آلات چرمی ریلی داخل کمد لباس WS4172.OL - یونی هوپر"
3772,"طبقه چرمی ریلی داخل کمد لباس WS4173.OL - یونی هوپر"
3773,"جای شلوار چرمی ریلی داخل کمد لباس WS4174.OL - یونی هوپر"
3774,"جای اکسسوری چرمی چند منظوره ریلی داخل کمد لباس WS4175.OL - یونی هوپر"
3775,"باکس چرمی ریلی داخل کمد لباس WS4176.OL - یونی هوپر"
3776,"جای کفشی چرمی ریلی داخل کمد لباس WS4177.OL - یونی هوپر"
3777,"جای اکسسوری تاشو قابل حمل WS4178.OL - یونی هوپر"
3778,"باکس جای ساعت گردان WS4179.OL - یونی هوپر"
3779,"باکس امنیتی ریلی دیجیتال چرمی داخل کمد لباس WS4180.OL - یونی هوپر"
3780,"جای لوازم آرایش چرمی ریلی داخل کمد لباس WS4182.OL - یونی هوپر"
3781,"طبقه ریلی داخل کمد لباس WS4183 - یونی هوپر"
3802,"جای زیور آلات ریلی داخل کمد لباس WS4184 - یونی هوپر"
3803,"جای شلوار ریلی داخل کمد لباس WS4185 - یونی هوپر"
3804,"اکسسوری چند منظوره ریلی داخل کمد لباس WS4186 - یونی هوپر"
3805,"باکس ریلی داخل کمد لباس WS4187 - یونی هوپر"
3806,"جای کفشی ریلی داخل کمد لباس WS4189 - یونی هوپر"
3807,"رگال چند منظوره جهت یونیت کنج WS4190.ol - یونی هوپر"
3808,"جاکفشی گردان WS4518 - یونی هوپر"
3809,"باکس چرمی داخل کمد لباس WSL6.OL - یونی هوپر"
3810,"زیرسری پهلو رگال کمدی 6032 - یونی هوپر"
3831,"آبچکان داخل سینک 6911 - پلاتین"
3832,"پنل حمام 7311 - پلاتین"
3833,"پنل حمام لاکچری 7312 - پلاتین"
3834,"بغل گازی طرح دیفرنس 2006 - پلاتین"
3835,"بغل گازی طرح فرانسوی 2005 - پلاتین"
3836,"بغل گازی طرح قو 2003 - پلاتین"
3837,"بغل گازی طرح کراس 2004 - پلاتین"
3838,"جا اسکاچی آویز 2601 - پلاتین"
3839,"جا ظرفی رومیزی 1/5 طبقه پاتریس 2211 - پلاتین"
3840,"جا ظرفی رومیزی 1/5 طبقه پروانه 2209 - پلاتین"
3841,"جا ظرفی رومیزی یک طبقه 2210 - پلاتین"
3842,"جا ظرفی رومیزی یک طبقه پرنسس 2212 - پلاتین"
3843,"جا ظرفی سه طبقه طرح جی 2207 - پلاتین"
3844,"جا ظرفی طرح جی 2205 - پلاتین"
3845,"جا قاشقی اسکاچی آویز رویال 2732 - پلاتین"
3846,"جا قاشقی آویز رویال 2731 - پلاتین"
3847,"جا قاشقی آویز مدرنا 2741 - پلاتین"
3848,"جا قاشقی رومیزی مدرنا 2743 - پلاتین"
3849,"جا کراواتی 9281 - پلاتین"
3850,"جا لیوانی آویز 2501 - پلاتین"
3851,"رگال جا شلواری 9282 - پلاتین"
3852,"رگال سقفی 9271 - پلاتین"
3853,"سبد جای البسه ترکیبی بافت 9292 - پلاتین"
3854,"سبد چند منظوره 3751 - پلاتین"
3856,"سبد کف ریل جونیور یوباکس 8123 - پلاتین"
3857,"سبد مواد شوینده آویز 2801 - پلاتین"
3858,"سبد مواد شوینده ریل پهلو 2000 3411 - پلاتین"
3859,"سطل جا برنج 1005 - پلاتین"
3860,"سطل زباله تک مخزن 3611 - پلاتین"
3861,"سطل زباله تک مخزن 3613 - پلاتین"
3862,"سطل زباله تک مخزن 8611 - پلاتین"
3863,"کنج حمام طرح ترک - پلاتین"
3864,"کنج حمام طرح قلب - پلاتین"
3865,"کنج حمام طرح پارامیس - پلاتین"
3866,"کنج حمام آرسین - پلاتین"
3867,"آبچکان تنظیمی MDF و فلز - پلاتین"
3868,"سطل زباله درب آویز 3691 - پلاتین"
3869,"سطل زباله دو مخزن 3633 - پلاتین"
3870,"سطل زباله دو مخزن 3661 - پلاتین"
3871,"سطل زباله دو مخزن 8633 - پلاتین"
3872,"سطل زباله دو مخزن اکو 3634 - پلاتین"
3873,"سطل زباله دو مخزن لینک دار 3655 - پلاتین"
3874,"سطل زباله دو مخزن هایلوکس 3653 - پلاتین"
3875,"سطل زباله لینکدار اکو 3614 - پلاتین"
3876,"سوپر پهلو جا حبوباتی 3741 - پلاتین"
3877,"مجیک کرنر 3712 - پلاتین"
3878,"مجیک کرنر پرو 8712 - پلاتین"
3879,"میز اتو 1001 - پلاتین"
3880,"سطل زباله تک مخزنه - پلاتین"
3881,"سطل زباله دو مخزنه - پلاتین"
3882,"سطل زباله تک مخزنه - پلاتین"
3883,"مجیک کرنر پلاتین پرو - پلاتین"
3893,"آبچکان دوطبقه سینی دار استیل - پلاتین"
3894,"سبد سیب و پیاز پرتابل - پلاتین"
3895,"سبد مواد شوینده ریل پهلو - پلاتین"
3896,"سبد مواد شوینده کف ریل دو طبقه - پلاتین"
3897,"سبد مواد شوینده کف ریل سه طبقه - پلاتین"
3898,"سبد چند منظوره سه طبقه - پلاتین"
3923,"سبد چند منظوره دو طبقه - پلاتین"
3924,"سوپر وسط ایستاده - پلاتین"
3983,"سوپر پهلو سه طبقه - پلاتین"
3984,"لمن کرنر - پلاتین"
3985,"سوپر یخچالی - پلاتین"
3986,"جا شلواری - پلاتین"
3987,"جای البسه و شلوار - پلاتین"
3988,"سبد البسه - پلاتین"
3989,"جا کفشی ریلی - پلاتین"
4013,"رگال آسانسوری - پلاتین"
4014,"سوپر وسط ایستاده پرو - پلاتین"
4043,"سوپر یخچالی پرو - پلاتین"
4044,"سوپر پهلو پلاتین پرو - پلاتین"
4045,"سوپر یخچالی پلاتین پرو - پلاتین"
4046,"سوپر وسط با ریل رانر - پلاتین"
4073,"جای بطری و ادویه SNELLO - پکا"
4074,"جای بطری و ادویه SNELLO FIORO - پکا"
4075,"جای شلواری مدل LINA BASIC - پکا"
4076,"سطل زباله OEKO UNIVERSAL - پکا"
4088,"پدال سطل زباله OEKO - پکا"
4089,"سطل زباله گرد MÜLLBOY - پکا"
4090,"سطل زباله گرد MÜLLBOY BIG - پکا"
4091,"مجیک کرنر STANDARD FIORO - پکا"
4092,"مجیک کرنر STANDARD - پکا"
4093,"نردبان دو طبقه STEPOLO - پکا"
4103,"سوپر ایستاده ساده LARDER UNIT - پکا"
4104,"سوپر تاندم Pleno Fioro - پکا"
4132,"سوپر تاندم استاندارد PLENO - پکا"
4133,"سوپر ریلی LARDER UNIT FIORO - پکا"
4134,"سوپر لولایی KITCHEN TOWER - پکا"
4135,"شلف چند منظوره EXTENDO - پکا"
4154,"پریز DUE - باخمن"
4155,"پریز POWER FRAME - باخمن"
4156,"پریز SMART PLUG - باخمن"
4157,"پریز KAPSA تک سوکت - باخمن"
4158,"پریز KAPSA تک سوکت همراه usb - باخمن"
4159,"پریز توکار آسانسوری ELEVATOR - باخمن"
4160,"پریز توکار آسانسوری ELEVATOR - باخمن"
4161,"پریز توکار آسانسوری ELEVATOR - باخمن"
4162,"پریز توکار گرد TWIST - باخمن"
4163,"دستگیره رزت استیپل (steeple) - زئوس"
4164,"دستگیره رزت آرک (arc) - زئوس"
4165,"پریز توکار گرد TWIST2 - باخمن"
4166,"پریز KAPSA دو سوکت همراه usb - باخمن"
4167,"پریز KAPSA سه سوکت - باخمن"
4168,"پریز کنج - باخمن"
4193,"دستگیره رزت فلای (fly) - زئوس"
4223,"دستگیره رزت لونا (luna) - زئوس"
4224,"دستگیره رزت ویندر (winder) - زئوس"
4253,"دستگیره کابینت سان (Sun) - زئوس"
4283,"دستگیره کابینت اربیت (Orbit) - زئوس"
4343,"دستگیره کابینت استارت (start) - زئوس"
4403,"دستگیره کابینت آرک (arc) - زئوس"
4493,"دستگیره کابینت آنجل (angel) - زئوس"
4553,"دستگیره کابینت بریدج (Bridge) - زئوس"
4554,"دستگیره کابینت پیلار (Pillar) - زئوس"
4613,"دستگیره کابینت تاچ (touch) - زئوس"
4643,"دستگیره کابینت تدی (teddy) - زئوس"
4673,"دستگیره کابینت ترانک (Trunk) - زئوس"
4733,"دستگیره کابینت تریست (Tryst) - زئوس"
4763,"دستگیره کابینت تورنادو (Tornado) - زئوس"
4793,"دستگیره کابینت تی (T) - زئوس"
4823,"دستگیره کابینت جت (jet) - زئوس"
4853,"دستگیره کابینت چریش(Cherish) - زئوس"
4883,"دستگیره کابینت فلت (FLAT) - زئوس"
4973,"دستگیره کابینت هارمونی (Harmony) - زئوس"
5003,"دستگیره کابینت ویو (Wave) - زئوس"
5033,"چراغ خطی توکار آرکو (ARCO) - لمبرت"
5046,"ترانس 10 آمپر - لمبرت"
5047,"ترانس 20 آمپر - لمبرت"
5048,"ترانس 5 آمپر - لمبرت"
5049,"تقویت کننده سنسور آمپلی‌فایر - لمبرت"
5050,"ریموت کنترل Remote control - لمبرت"
5051,"سنسور تک چشمی توکار/روکار external - لمبرت"
5052,"سنسور حرکتی توکار/روکار PIR - لمبرت"
5053,"سنسور دو چشمی توکار/روکار external 2 eyes - لمبرت"
5054,"سنسور سطحی دیمردار Hidden Touch - لمبرت"
5055,"سنسور لمسی Touch - لمبرت"
5062,"چراغ خطی توکار فیلو (FILO) - لمبرت"
5063,"چراغ خطی توکار نئون (NEON FLAX) - لمبرت"
5064,"چراغ خطی توکار نئون (NEON FLAX) - لمبرت"
5065,"چراغ خطی توکار STRIP LIGHT - لمبرت"
5066,"چراغ خطی توکار وینو (Vino) - لمبرت"
5067,"چراغ خطی روکار فالکو (FALCO) - لمبرت"
5068,"چراغ خطی روکار روبینو (ROBINO) - لمبرت"
5093,"چراغ خطی روکار روسو (ROSSO) - لمبرت"
5094,"چراغ خطی زوار شیشه‌ای گلس (Glass) - لمبرت"
5095,"چراغ خطی کنج کنج (Corner) - لمبرت"
5096,"چراغ گرد روکار/توکار SPOT - 07 - لمبرت"
5115,"آبچکان آویز با سینی A130 - آدلان"
5116,"آبچکان آویز با سینی آریانا AS926 - آدلان"
5117,"آبچکان داخل سینک استیل نارین 2 AS916 - آدلان"
5118,"آبچکان رومیزی با جاقاشقی جنسیس AS912 - آدلان"
5119,"آبچکان رومیزی جنسیس با جاقاشقی جنسیس A126 - آدلان"
5120,"آبچکان رومیزی کوچک با جاقاشقی و جالیوانی مرسانا A121 - آدلان"
5121,"آویز شلوار سقفی فراز 1 A837 - آدلان"
5122,"آویز شلوار فریم دار ریلی فراز A820 - آدلان"
5123,"آینه چرخان داخل کمد پارمین A850 - آدلان"
5124,"جا ادویه آویز دو طبقه آدرین 2 A211 - آدلان"
5125,"جا ادویه آویز یک طبقه آدرین A210 - آدلان"
5126,"جا ادویه و جا دستمال رولی آویز آریو A209 - آدلان"
5127,"جا ادویه و جا کفگیر آویز آنیسا A213 - آدلان"
5128,"جا برنجی ریل پهلو تک مخزنه بردیا 2 A361 - آدلان"
5129,"جا برنجی ریل کف تک مخزنه بردیا A359 - آدلان"
5130,"جا حبوبات ریل پهلو سه مخزنه برزین A358 - آدلان"
5131,"جا حبوبات ریل پهلو سه مخزنه برزین 2 A360 - آدلان"
5132,"جا دستمال رومیزی گرد فریا A818 - آدلان"
5133,"جا دستمال و فویل آویز آرشام A217 - آدلان"
5134,"جا دستمالی رولی آویز آلا A208 - آدلان"
5135,"جا قابلمه فریم دار شاینا A302 - آدلان"
5136,"جا کروات کمربند ریلی فراز 3 A829 - آدلان"
5137,"جا کروات و کمربند ریلی داخل کمد تینا A852 - آدلان"
5138,"جا گیلاسی سقفی 12 تایی ساشا 7 A710 - آدلان"
5139,"جا لباسی ریلی داخل کمد تینا 2 A853 - آدلان"
5140,"جاکفشی ریلی سانلی A821 - آدلان"
5141,"زیر کپسولی نوشا A833 - آدلان"
5142,"سبد البسه شیبدار سوما A803 - آدلان"
5143,"سبد چند منظوره ریلی ترکیبی سه طبقه هومان 3 A397 - آدلان"
5145,"سبد سیب زمینی پیاز ماهورآدلان A304 - آدلان"
5146,"سبد شوینده پشت درب آویز آیسا A215 - آدلان"
5147,"سبد لباس رخت ریل کف مدل نیکا A849 - آدلان"
5148,"سبد مواد شوینده مدل ایتالیایی ریل کف سلین 2 A365 - آدلان"
5149,"سبد نیم گرد گردان داخل کابینت لیام A303 - آدلان"
5150,"سطل زباله دو مخزنه کوچک ریل کف A846 - آدلان"
5151,"سطل زباله تک ریلی بزرگ هومان A811 - آدلان"
5152,"سطل زباله تک مخزنه ترکیبی ریل تاندم هلنا A841 - آدلان"
5153,"آبچکان رومیزی بزرگ با جاقاشقی و جالیوانی دلسا - آدلان"
5154,"آبچکان رومیزی پرتابل مدل رزیتا - آدلان"
5155,"آبچکان رومیزی پرتابل مینی مدل رزا - آدلان"
5156,"سطل زباله تک مخزنه ریل کف تاندم زانکو A840 - آدلان"
5157,"سطل زباله تک مخزنه ریلی میشا A814 - آدلان"
5158,"سطل زباله دو مخزنه درب باز شو آکو A815 - آدلان"
5159,"سطل زباله دو مخزنه ریل کف وندا A816 - آدلان"
5160,"سطل زباله دو مخزنه ریلی آیسو A808 - آدلان"
5161,"سطل زباله دو مخزنه تمام کاور ریل تاندم A848 - آدلان"
5162,"سطل زباله دو مخزنه ریل تاندم سامینا A838 - آدلان"
5163,"سطل زباله ریلی دو مخزنه درب باز شو هانا A832 - آدلان"
5164,"سطل زباله ریلی دو مخزنه ریلی الیسا A813 - آدلان"
5165,"سطل زباله ریلی دو مخزنه ریل تاندم دیاکو A839 - آدلان"
5166,"سطل زباله ریلی دو مخزنه ریلی هایلو A809 - آدلان"
5167,"سطل زباله زیر سینک ریلی شاکو A810 - آدلان"
5168,"غش گیر سینی آویز آریتا A216 - آدلان"
5169,"غش گیر سینی فریا A804 - آدلان"
5170,"قلاب s اویز استیل AS923 - آدلان"
5171,"مجیک کرنر مانستر A398 - آدلان"
5172,"میز اتو تاشو گردان همراه با باکس اتو سایا A851 - آدلان"
5183,"آبچکان رومیزی سوناتا با جاقاشقی و جالیوانی سوناتا - آدلان"
5184,"آبچکان رومیزی یک طبقه با جاقاشقی آرتینا - آدلان"
5185,"آبچکان لوله‌ای با قابلیت تنظیم دایانا - آدلان"
5186,"آبچکان هلالی شاینا - آدلان"
5187,"آبچکان ویژه کابینت MDF دو طبقه الیسا - آدلان"
5188,"آبچکان ویژه کابینت MDF ژینا - آدلان"
5213,"آبچکان ویژه کابینت پادینا - آدلان"
5214,"آبچکان ویژه کابینت فلزی پادینا - آدلان"
5215,"جا اسکاجی بزرگ آویز آوین 2 - آدلان"
5216,"جا اسکاجی کوچک آویز آوین - آدلان"
5217,"جا بطری ورقی ریل تاندم - آدلان"
5218,"جا قاشق داخل کشو فایبر گلاس همتا - آدلان"
5219,"جا لیوانی آویز آرشن - آدلان"
5220,"جا لیوانی متحرک آویز آرشن 2 - آدلان"
5243,"جابطری ریل کف رایان - آدلان"
5244,"سوپری چند منظوره آرنا - آدلان"
5245,"سوپری چند منظوره ریلی دو طبقه هومان 2 - آدلان"
5246,"سوپری چند منظوره ریلی سه طبقه هومان - آدلان"
5247,"سوپری چند منظوره ریلی ورقی ریل تاندم - آدلان"
5248,"سوپری چند منظوره کف MDF ژیوا - آدلان"
5273,"ریل کف سه طبقه رایان 2 - آدلان"
5274,"سبد ریل کف رادین 3 - آدلان"
5275,"سبد ریل کف جابطری جابشقابی رادین 4 - آدلان"
5276,"سبد ریل کف دو طبقه رادین 2 - آدلان"
5277,"سبد ریل کف سه طبقه رادین - آدلان"
5303,"سبد سیب زمینی پیاز فریم دار ماهور 2 - آدلان"
5304,"سبد مواد شوینده پهلو - آدلان"
5305,"سبد مواد شوینده پهلو سلین 3 - آدلان"
5306,"سبد مواد شوینده ریلی مدل ایتالیایی سلین - آدلان"
5307,"سوپر یخچالی آلمانی آرنا - آدلان"
5333,"سوپر یخچالی آلمانی ونوس - آدلان"
5363,"لوله و پایه لوله دیواری استیل 16 - آدلان"
5364,"مینی سوپر پهلو آرنا - آدلان"
5365,"مینی سوپر پهلو با طبقات متفاوت نویان 2 - آدلان"
5393,"مینی سوپر پهلو نویان - آدلان"
5394,"مینی سوپر پهلو گردان نویان 3 - آدلان"
5395,"سوپر وسط ریلی آرنا - آدلان"
5483,"سوپر وسط ریلی رایان - آدلان"
5575,"دستگیره 186 - ملونی"
5576,"دستگیره 188 - ملونی"
5577,"دستگیره 202 - ملونی"
5578,"دستگیره 210 - ملونی"
5579,"دستگیره 212 - ملونی"
5580,"دستگیره 220 - ملونی"
5605,"دستگیره 224 - ملونی"
5606,"دستگیره 226 - ملونی"
5607,"دستگیره 228 - ملونی"
5608,"دستگیره 230 - ملونی"
5609,"دستگیره 232 - ملونی"
5635,"دستگیره 330 - ملونی"
5636,"دستگیره 332 - ملونی"
5637,"دستگیره 334 - ملونی"
5638,"دستگیره 336 - ملونی"
5639,"دستگیره 338 - ملونی"
5640,"دستگیره 340 - ملونی"
5641,"دستگیره 342 - ملونی"
5664,"دستگیره 344 - ملونی"
5665,"دستگیره 346 - ملونی"
5666,"دستگیره 348 - ملونی"
5667,"دستگیره 368 - ملونی"
5668,"دستگیره 370 - ملونی"
5695,"دستگیره 374 - ملونی"
5696,"دستگیره 378 - ملونی"
5697,"دستگیره 380 - ملونی"
5698,"دستگیره 382 - ملونی"
5699,"دستگیره 384 - ملونی"
5700,"دستگیره 386 - ملونی"
5725,"دستگیره 388 - ملونی"
5726,"دستگیره 390 - ملونی"
5727,"دستگیره 392 - ملونی"
5728,"دستگیره 394 - ملونی"
5729,"دستگیره 396 - ملونی"
5755,"دستگیره 398 - ملونی"
5756,"دستگیره 400 - ملونی"
5757,"دستگیره توکار 402 - ملونی"
5758,"جا کابلی فلزی 1017 - ملونی"
5759,"زیر سری لوله بیضی 1019 - ملونی"
5760,"اختلاف سطح 1020 - ملونی"
5772,"زیرسری لوله نیم گرد فلزی 1024 - ملونی"
5785,"جاکابلی فلزی مربع 1022 - ملونی"
5786,"پایه سقفی لوله بیضی قابل رگلاژ باز 1042 - ملونی"
5815,"زیرسری لوله گرد کاوردار 1044 - ملونی"
5816,"پایه سقفی لوله گرد قابل رگلاژ باز 1046 - ملونی"
5817,"گونیا فلزی با روکش پلاستیکی - ملونی"
5818,"پایه سقفی لوله بیضی قابل رگلاژ بسته 1060 - ملونی"
5819,"پایه سقفی لوله گرد قابل رگلاژ بسته 1062 - ملونی"
5845,"قلاب 2001 - ملونی"
5846,"قلاب 2002 - ملونی"
5847,"قلاب 2004 - ملونی"
5848,"قلاب 2006 - ملونی"
5849,"قلاب 2008 - ملونی"
5875,"قلاب 2010 - ملونی"
5876,"دستگیره 2014 - ملونی"
5877,"قلاب 2016 - ملونی"
5878,"قلاب 2018 - ملونی"
5879,"قلاب 2020 - ملونی"
5880,"قلاب 2022 - ملونی"
5905,"قلاب 2024 - ملونی"
5906,"قلاب 2026 - ملونی"
5907,"قلاب 2028 - ملونی"
5908,"قلاب 2030 - ملونی"
5935,"جک اتوبوسی پمپی آرام‌بند - ملونی"
5936,"جک پمپی نیترو آرام‌بند - ملونی"
5937,"جک پمپی نیترو آرام‌بند 3021 - ملونی"
5938,"جک HK - ملونی"
5939,"مکانیزم تاچ و آرام‌بند OT - ملونی"
5940,"جک پمپی نیترو اسلیم - ملونی"
5943,"جک ماکسی آرام‌بند 3003 - ملونی"
5944,"جک ساعتی 3006 - ملونی"
5945,"جک پمپی نیترو آرام‌بند با قابلیت رگلاژ 3026 - ملونی"
5946,"جک هیدرولیک معکوس اسلیم 3046 - ملونی"
5964,"جک HKXS تاچ فشاری - ملونی"
5965,"جک HK تاچ فشاری - ملونی"
5966,"جک لمپ آرام‌بند - ملونی"
5967,"جک HKXS آرام‌بند - ملونی"
5977,"لولا صفر درجه آرام‌بند پایه ثابت 4002 - ملونی"
5978,"لولا کنج 135 درجه پایه ثابت (by fold) 4005 - ملونی"
5979,"لولا 107 درجه آرام‌بند فنر معکوس پایه 3D کلیپسی روکار 4007 - ملونی"
5980,"لولا 107 درجه آرام‌بند پایه کلیپسی ساده روکار استیل 4008 - ملونی"
5981,"لولا 160 درجه آرام‌بند پایه 3D کلیپسی روکار کاپ زاماک 4009 - ملونی"
5982,"لولا 45 درجه (زاویه باز) آرام‌بند پایه کلیپسی ساده 4012 - ملونی"
5983,"لولا 107 درجه بدون آرام‌بند بدون فنر پایه کلیپسی ساده روکار 4013 - ملونی"
5984,"لولا 107 درجه بدون آرام‌بند بدون فنر پایه ثابت روکار 4014 - ملونی"
5985,"لولا 107 درجه بدون آرام‌بند پایه ثابت روکار 4015 - ملونی"
5986,"لولا صفر درجه (95 درجه) آرام‌بند پایه 3D کلیپسی 4018 - ملونی"
5987,"لولا 107 درجه بدون آرام‌بند بدون فنر پایه ثابت توکار 4019 - ملونی"
5988,"لولا 107 درجه بدون آرام‌بند فنر معکوس پایه ثابت روکار 4020 - ملونی"
5989,"لولا 107 درجه آرام‌بند کاوردار پایه خطی 3D روکار 4022 - ملونی"
5990,"لولا 107 درجه آرام‌بند کاوردار پایه خطی 3D روکار 4022 - ملونی"
5991,"لولا 150 درجه آرام‌بند پایه 3D کلیپسی روکار 4023 - ملونی"
5992,"لولا صفر درجه آرام‌بند پایه 3D کلیپسی 4024 - ملونی"
5993,"لولا 107 درجه آرام‌بند بدنه مشترک پایه کلیپسی ساده 4025 - ملونی"
5994,"لولا 107 درجه آرام‌بند 2 زمانه پایه کلیپسی ساده روکار 4028 - ملونی"
5995,"لولا 95 درجه آرام‌بند پایه کلیپسی ساده روکار 4021 - ملونی"
5996,"ریل تاندم فول 3D آرام‌بند 5001 - ملونی"
5997,"ریل تاندم فول اکو 5010 - ملونی"
5998,"لولا 107 درجه آرام‌بند پایه کلیپسی ساده توکار 4031 - ملونی"
5999,"لولا 95 درجه آرام‌بند پایه 3D کلیپسی روکار 4033 - ملونی"
6000,"لولا 95 درجه آرام‌بند پایه 3D کلیپسی بدنه مشترک 4034 - ملونی"
6001,"لولا 95 درجه آرام‌بند پایه 3D کلیپسی روکار 4035 - ملونی"
6002,"لولا 100 درجه آرام‌بند پایه خطی 3D روکار 4036 - ملونی"
6003,"لولا 100 درجه آرام‌بند پایه خطی 3D توکار 4038 - ملونی"
6004,"لولا 105 درجه آرام‌بند پایه کلیپسی ساده روکار 4040 - ملونی"
6005,"لولا 105 درجه آرام‌بند پایه 3D کلیپسی روکار 4045 - ملونی"
6006,"لولا 107 درجه آرام‌بند پایه کلیپسی ساده توکار استیل 4048 - ملونی"
6011,"میله تعادل سینکرونایز (جهت کد 5054) 5056 - ملونی"
6012,"مکانیزم کشویی میز کار هم سطح 5060 - ملونی"
6013,"مکانیزم کشویی میز کار تاشو 5062 - ملونی"
6025,"ریل ساچمه‌ای آرام‌بند 5040 - ملونی"
6026,"ریل ساچمه‌ای تاچ 5042 - ملونی"
6055,"ریل ساچمه‌ای 3 تکه ساده 5044 - ملونی"
6056,"ریل تاندم فول 2 مرحله‌ای 5046 - ملونی"
6057,"ریل بدنه دار اولترا اسلیم آرامبند کوتاه 5050 - ملونی"
6085,"ریل بدنه دار اولترا اسلیم 3D آرامبند بلند 5052 - ملونی"
6086,"ریل تاندم تاچ 3D آرام‌بند سینکرونایز 5054 - ملونی"
6098,"ضربه گیر آرام‌بند 6001 - ملونی"
6099,"مگنت توکار بلند با قابلیت رگلاژ 6005 - ملونی"
6100,"آداپتور روکار مگنت بلند 6006 - ملونی"
6101,"مگنت توکار کوتاه 6007 - ملونی"
6102,"مگنت روکار مدل صلیبی 6008 - ملونی"
6103,"مگنت استنلس استیل 6009 - ملونی"
6104,"کلیپس پاخور PVC 6011 - ملونی"
6105,"خار طبقه فلزی 2 اورینگی 6024 - ملونی"
6106,"اتصال دستگیره مخفی 6034 - ملونی"
6107,"مگنت فلزی روکار پایه صلیبی قابل رگلاژ 6036 - ملونی"
6108,"مگنت روکار مستطیلی قابل رگلاژ 6038 - ملونی"
6109,"مگنت فلزی روکار قابل رگلاژ 6040 - ملونی"
6110,"مگنت تاچ قابل رگلاژ به همراه آداپتور 6042 - ملونی"
6111,"ضربه‌گیر توکار 6044 - ملونی"
6112,"خار طبقه سری جدید به همراه ساپورت داخل بدنه 6048 - ملونی"
6113,"خار طبقه 2 طرفه 6052 - ملونی"
6114,"مگنت روکار قفل دار 6062 - ملونی"
6115,"پایه کابینت پلاستیکی قابل رگلاژ - ملونی"
6116,"زیرسری پهلو رگال کمدی کاوردار 6004 - ملونی"
6117,"جاکابلی آلومینیومی به همراه گردگیر 6012 - ملونی"
6118,"زیرسری لوله بیضی کاوردار 6014 - ملونی"
6119,"جاکابلی مستطیل آلومینیومی به همراه گردگیر و درب آرام‌بند 6020 - ملونی"
6120,"جاکابلی مستطیل آلومینیومی 2 طرفه به همراه گردگیر 6022 - ملونی"
6121,"جاکابلی PVC مستطیل 6026 - ملونی"
6144,"پایه کابینت پلاستیکی قابل رگلاژ - ملونی"
6145,"پایه رگال سقفی بسته مستطیلی 6054 - ملونی"
6146,"پایه رگال دیواری مستطیلی 6056 - ملونی"
6147,"نگهدارنده رگال سقفی مستطیلی 6058 - ملونی"
6148,"گونیا طبقه فلزی 6060 - ملونی"
6149,"دستگیره شاخه‌ای مدل الینا 7014 - ملونی"
6150,"دستگیره تاپ ساید مدل پرشیانا 7016 - ملونی"
6164,"دستگیره شاخه‌ای مدل U مقابل 7015 - ملونی"
6165,"پروفیل شیشه فرنچ 7122 - ملونی"
6166,"کپ پروفیل شیشه فرنچ 7124 - ملونی"
6167,"پروفیل شیشه لبه دار 7126 - ملونی"
6168,"بست گونیا پروفیل شیشه‌ای 7128 - ملونی"
6169,"پروفیل شیشه‌ای دستگیره دار 7132 - ملونی"
6175,"دستگیره تاپ ساید مدل ونیزیا 7017 - ملونی"
6176,"دستگیره تاپ ساید مدل ویانا 7018 - ملونی"
6177,"دستگیره مدل بلک لاین 7019 - ملونی"
6205,"رگال بیضی همراه با ضربه گیر 7050 - ملونی"
6206,"رگال گرد همراه با ضربه گیر 7052 - ملونی"
6207,"رگال نگهدارنده لباس داخل کمد همراه با ضربه گیر 7054 - ملونی"
6208,"پاخور PVC 7056 - ملونی"
6209,"دستگیره شاخه‌ای مخفی مدل L زمینی 7060 - ملونی"
6235,"دستگیره شاخه‌ای مخفی مدل U زمینی 7061 - ملونی"
6236,"دستگیره شاخه‌ای مخفی جهت یونیت هوایی به همراه ضربه گیر 7062 - ملونی"
6237,"دستگیره شاخه‌ای مخفی کمدی مدل L یک طرفه 7063 - ملونی"
6238,"دستگیره شاخه‌ای مخفی کمدی مدل U دو طرفه 7064 - ملونی"
6264,"پاخور آلومینیومی 7065 - ملونی"
6265,"دستگیره شاخه‌ای مدل G فرم 7072 - ملونی"
6266,"دستگیره شاخه‌ای مدل H هلالی 7074 - ملونی"
6267,"اتصال کنج پاخور PVC - ملونی"
6268,"پروفیل شیشه بدون لبه فریم لس 7130 - ملونی"
6293,"جاشلواری ریلی سقفی 8006 - ملونی"
6294,"میز اتو تاشو ریلی آرام‌بند داخل کمد لباس 8007 - ملونی"
6295,"رگال آسانسوری لباس 8016 - ملونی"
6296,"جای البسه و کفش ریل از پهلو - ملونی"
6297,"رگال سقفی ریلی داخل کمد لباس سری space - ملونی"
6298,"رگال آسانسوری سری space - ملونی"
6299,"باکس چرمی داخل کمد لباس با پوشش داخلی مخمل - ملونی"
6300,"میز اتو تاشو گردان همراه با باکس اتو 8008 - ملونی"
6301,"میز اتو ریلی ایستاده 8011 - ملونی"
6302,"جاشلوار سقفی ریلی یک طرفه سری space 8018 - ملونی"
6303,"جاشلوار سقفی ریلی دو طرفه سری space 8020 - ملونی"
6304,"مکانیزم ریلی کف و سقف جهت باکس متحرک 8034 - ملونی"
6325,"لیفت برقی رگال آسانسوری لباس - ملونی"
6326,"رگال سقفی داخل کمد لباس 8048 - ملونی"
6327,"باکس امنیتی ریلی دیجیتال به همراه اثر انگشت - ملونی"
6345,"سطل 2 مخزنه ریلی آرام‌بند 9003 - ملونی"
6346,"سطل 2 مخزنه ریلی آرام‌بند 9004 - ملونی"
6347,"سطل تک مخزنه ریلی آرام‌بند 9005 - ملونی"
6348,"سطل 2 مخزنه ریلی آرام‌بند 9006 - ملونی"
6349,"سطل 2 مخزنه ریلی آرام‌بند 9007 - ملونی"
6350,"جای قاشق چنگال داخل کشو استیل 9016 - ملونی"
6351,"سطل 2 مخزنه ریلی آرام‌بند 9018 - ملونی"
6352,"سطل 2 مخزنه ریلی آرام‌بند 9020 - ملونی"
6353,"سطل 4 مخزنه ریلی آرام‌بند 9022 - ملونی"
6354,"سطل تک مخزنه ریل از کف آرام‌بند 9024 - ملونی"
6355,"سطل 2 مخزنه ریل از کف آرام‌بند 9026 - ملونی"
6356,"سطل 2 مخزنه ریل از کف آرام‌بند 9028 - ملونی"
6357,"سطل تک مخزنه داشبوردی آرام‌بند 9030 - ملونی"
6358,"سطل تک مخزنه زیرسینکی آرام‌بند 9034 - ملونی"
6359,"سطل 2 مخزنه چند منظوره داخل کشو 9036 - ملونی"
6360,"سطل 3 مخزنه چند منظوره داخل کشو 9038 - ملونی"
6361,"آبچکان رومیزی دو طبقه استیل 9114 - ملونی"
6362,"آبچکان رومیزی دو طبقه استیل به همراه جای قاشق و چنگال 9116 - ملونی"
6363,"آبچکان رومیزی دو طبقه استیل 9118 - ملونی"
6364,"آبچکان رومیزی یک طبقه استیل 9120 - ملونی"
6365,"جای قاشق و چنگال استیل جهت نصب روی آبچکان 9122 - ملونی"
6366,"سطل 2 مخزنه زیرسینکی آرام‌بند 9128 - ملونی"
6367,"سطل گرد زیر سینکی 9130 - ملونی"
6368,"سبد البسه چرک ریلی آرام‌بند 9150 - ملونی"
6369,"سبد البسه چرک ریلی آرام‌بند 9151 - ملونی"
6370,"سبد البسه چرک 2 مخزنه ریلی آرام‌بند 9152 - ملونی"
6371,"سبد البسه چرک کف ریل آرام‌بند 9153 - ملونی"
6372,"سبد البسه چرک کف ریل آرام‌بند 9154 - ملونی"
6373,"سبد البسه چرک 2 مخزنه ریل از کف آرام‌بند 9155 - ملونی"
6374,"سبد البسه چرک مدل شیب دار 9156 - ملونی"
6375,"آبچکان رومیزی یک طبقه مدل 9162 - ملونی"
6376,"آبچکان رومیزی دو طبقه مدل 9164 - ملونی"
6377,"آبچکان رومیزی قابل رگلاژ استیل 9166 - ملونی"
6378,"جای قاشق چنگال کنار سینک استیل 9168 - ملونی"
6379,"محافظ کف کشو دایموند استایل 9170 - ملونی"
6380,"آبچکان قابل رگلاژ استیل 9172 - ملونی"
6381,"سطل تک مخزنه زیر سینک به همراه سبد کیسه زباله ریلی 9174 - ملونی"
6382,"سطل 2 مخزنه زیر سینک ریلی 9176 - ملونی"
6383,"جای مایع و اسکاج کنار سینک 9178 - ملونی"
6384,"سطل 2 مخزنه زیر سینکی آرام‌بند 9190 - ملونی"
6385,"جای قاشق چنگال PVC داخل کشو 9008 - ملونی"
6386,"جای بشقاب PVC داخل کشو 9010 - ملونی"
6387,"جای قاشق چنگال PVC داخل کشو 9032 - ملونی"
6388,"سطل 2 مخزنه زیر سینکی آرام‌بند 9192 - ملونی"
6389,"سطل 2 مخزنه زیر سینکی آرام‌بند 9194 - ملونی"
6390,"سطل 2 مخزنه زیر سینکی آرام‌بند 9196 - ملونی"
6391,"سطل 2 مخزنه زیر سینکی آرام‌بند 9198 - ملونی"
6392,"آبچکان کنار سینک استیل 9200 - ملونی"
6393,"سطل برنج 9202 - ملونی"
6394,"سطل تک مخزنه زیر سینک ریلی آرام‌بند 9204 - ملونی"
6395,"جاکاردی داخل کشو 9208 - ملونی"
6396,"سطل 2 مخزنه ریلی آرام‌بند 9210 - ملونی"
6397,"سطل 2 مخزنه ریلی آرام‌بند 9212 - ملونی"
6398,"سطل برنج 2 مخزنه ریلی 9214 - ملونی"
6399,"مخزن نگهداری برنج و حبوبات ریز ریلی 9216 - ملونی"
6400,"مخزن نگهداری برنج و حبوبات ریز ریلی 9218 - ملونی"
6401,"مکانیزم میز تاشو ایتالیایی 9224 - ملونی"
6415,"آبچکان یک طبقه سینی دار استیل - ملونی"
6416,"آبچکان دو طبقه سینی دار استیل - ملونی"
6417,"جای قاشق چنگال داخل کشو - ملونی"
6418,"پایه کانتر قابل رگلاژ ایتالیایی 9220 - ملونی"
6419,"پایه کانتر قابل رگلاژ ایتالیایی 9222 - ملونی"
6438,"پریز توکار استیل 10006 - ملونی"
6439,"پریز توکار استیل 10008 - ملونی"
6440,"پریز توکار الکترا 10018 - ملونی"
6441,"پریز توکار الکترا 10020 - ملونی"
6442,"پریز توکار آسانسوری تاچ 10026 - ملونی"
6443,"پریز توکار رومیزی اداری 10040 - ملونی"
6444,"پریز روکار اداری 10046 - ملونی"
6445,"پریز توکار مستطیل 10016 - ملونی"
6446,"پریز توکار مستطیل 10017 - ملونی"
6447,"پریز توکار تاچ 10022 - ملونی"
6448,"پریز توکار مستطیل 10024 - ملونی"
6449,"شارژر توکار وایرلس 10052 - ملونی"
6450,"پریز آسانسوری برقی 10084 - ملونی"
6451,"پریز توکار گرد 10096 - ملونی"
6452,"پریز کف 10114 - ملونی"
6453,"پریز کف 10116 - ملونی"
6454,"پریز کف 10118 - ملونی"
6455,"پریز کف 10120 - ملونی"
6456,"پریز کف 10122 - ملونی"
6457,"پریز آسانسوری یونیورسال 10154 - ملونی"
6458,"پریز آسانسوری یونیورسال 10156 - ملونی"
6459,"پریز آسانسوری برقی یونیورسال 10158 - ملونی"
6474,"پریز توکار گرد مدل اسمارت 10032 - ملونی"
6475,"پریز توکار گرد مدل سیمپل 10034 - ملونی"
6476,"پریز برقی تاچ مستطیلی 10054 - ملونی"
6477,"پریز توکار 10056 - ملونی"
6478,"پریز توکار 10058 - ملونی"
6479,"شارژر وایرلس توکار 10060 - ملونی"
6480,"پریز توکار دوطرفه 10062 - ملونی"
6481,"پریز برقی تاچ مستطیلی 10064 - ملونی"
6505,"پریز آسانسوری 10066 - ملونی"
6506,"پریز توکار با درب کشویی 10068 - ملونی"
6507,"پریز TRUCK SOCKET 10070 - ملونی"
6508,"سوکت برق پرتابل جهت پریز TRUCK SOCKET 10072 - ملونی"
6509,"شارژر USB پرتابل جهت پریز TRUCK SOCKET 10074 - ملونی"
6510,"پریز توکار کشویی یکطرفه 10076 - ملونی"
6511,"پریز توکار کشویی یکطرفه 10078 - ملونی"
6512,"پریز برق با درپوش مگنتی 10080 - ملونی"
6535,"پریز برق با درپوش مگنتی 10082 - ملونی"
6536,"پریز روکار کنج 10086 - ملونی"
6537,"پریز توکار 10088 - ملونی"
6538,"پریز توکار 10090 - ملونی"
6539,"پریز توکار اداری 10092 - ملونی"
6540,"پریز توکار 10094 - ملونی"
6541,"پریز توکار اسلیم 10098 - ملونی"
6542,"پریز توکار اسلیم 10100 - ملونی"
6543,"پریز توکار اسلیم 10102 - ملونی"
6544,"پریز توکار استوانه‌ای 10104 - ملونی"
6565,"پریز توکار 10106 - ملونی"
6566,"پریز توکار 10108 - ملونی"
6567,"پریز آسانسوری 10110 - ملونی"
6568,"پریز کف 10112 - ملونی"
6569,"پریز توکار یونیورسال 10140 - ملونی"
6570,"پریز توکار یونیورسال 10150 - ملونی"
6571,"پریز توکار یونیورسال 10152 - ملونی"
6589,"مکانیزم تاپ لاین روکار 2 درب - ملونی"
6590,"مکانیزم تاپ لاین روکار 3 درب با آرام‌بند درب وسط - ملونی"
6591,"مکانیزم تاپ لاین توکار اسلیم 2 درب - ملونی"
6592,"مکانیزم تاپ لاین توکار اسلیم 3 درب - ملونی"
6593,"مکانیزم تاپ لاین توکار اسلیم 2 درب اکو - ملونی"
6594,"مکانیزم تاپ لاین توکار اسلیم 3 درب اکو - ملونی"
6595,"تاب گیر توکار New Version - ملونی"
6596,"مکانیزم تاپ لاین توکار سوپر اسلیم 2 درب (شیـارخور) - ملونی"
6597,"مکانیزم تاپ لاین توکار سوپر اسلیم 3 درب (شیـارخور) - ملونی"
6598,"مکانیزم این لاین 2 درب قابل برش - ملونی"
6599,"مکانیزم این لاین خطی - ملونی"
6600,"مکانیزم آکاردئونی فیوچر - ملونی"
6601,"مکانیزم آکاردئونی ایتالیایی - ملونی"
6602,"مکانیزم پاکت در ایتالیایی - ملونی"
6603,"مکانیزم تاپ لاین روکار 2 درب - ملونی"
6604,"مکانیزم تک درب آویز - ملونی"
6605,"مکانیزم و ریل درب مخفی تک درب 11090 - ملونی"
6606,"مکانیزم درب پارتیشن لینکیج 3 درب آرام‌بند - ملونی"
6607,"مکانیزم درب پارتیشن لینکیج 4 درب آرام‌بند - ملونی"
6608,"مکانیزم آرام بند آویز چوب و MDF جهت کمدهای Decorative - ملونی"
6609,"مکانیزم آرام بند آویز شیشه جهت کمدهای Decorative - ملونی"
6610,"مکانیزم این لاین برقی 11134 - ملونی"
6611,"مکانیزم اسمارت تاچ سبک - 6044 ملونی"
6612,"مکانیزم اسمارت تاچ سنگین - 6046 ملونی"
6613,"تاب گیر مدل اینترنال (شیارخور) 11030 - ملونی"
6614,"تاب گیر مدل اکسترنال 11042 - ملونی"
6615,"قرقره 80 کیلویی 11060 - ملونی"
6616,"فرز جهت تاب گیر شیارخور (جهت کد 11043) 11044 - ملونی"
6622,"چراغ LED تراکم 120 12020 - ملونی"
6623,"چراغ LED تراکم 120 12022 - ملونی"
6624,"چراغ LED تراکم 120 12030 - ملونی"
6625,"چراغ نئون نواری توکار - ملونی"
6626,"چراغ LED تراکم 120 12032 - ملونی"
6627,"ترانس به همراه ترمینال 6 پورت 12040 - ملونی"
6628,"سنسور تک درب 12050 - ملونی"
6629,"سنسور دو درب 12051 - ملونی"
6630,"سنسور لمسی چراغ دار دیمردار 12052 - ملونی"
6631,"سنسور زیر صفحه دیمردار 12054 - ملونی"
6632,"ترمینال 6 پورت 12060 - ملونی"
6633,"چراغ نئون نواری توکار به همراه LED - ملونی"
6655,"ترانس فلزی - ملونی"
6656,"نوار دفنی ژلاتینی - ملونی"
6666,"ست لولا آرامبند(یک جفت) مخفی (Air) - فانتونی"
6667,"لولا مخفی - فانتونی"
6668,"لولا آرامبند AIR مخفی درب پروفیلی A420 - فانتونی"
6669,"لولا آرامبند AIR مخفی درب شیشه ای فریم لس A421 - فانتونی"
6670,"لولا محوری یک طرفه A901 - فانتونی"
6671,"لولا محوری A902 - فانتونی"
6672,"لولا محوری برای نصب روی چهارچوب A911 - فانتونی"
6673,"لولا محوری با آرامبند A921 - فانتونی"
6695,"لولا محوری با آرامبند - فانتونی"
6696,"لولا محوری استیل - فانتونی"
6697,"ریل بدنه دار دبل باکس اسلیم - فانتونی"
6698,"ریل بدنه دار دبل باکس اسلیم اینر با فرانت آلومینیوم - فانتونی"
6705,"ریل بدنه دار اسلیم B445 - فانتونی"
6706,"اتصال U-shape محل عبور لوله های آب شیر و سینک B900 - فانتونی"
6725,"لوازم اینر ریل دبل باکس اسلیم با فرانت آلومینیوم - فانتونی"
6726,"ریل باتم مانت (مخفی) فول با قفل 3D - فانتونی"
6727,"ریل باتم مانت (مخفی) نیمه فول با قفل 2D - فانتونی"
6728,"ریل باتم مانت (مخفی) P2O نیمه فول با قفل 2D - فانتونی"
6729,"ریل باتم مانت (مخفی) سینکرونایز فول با قفل 3D - فانتونی"
6755,"ریل باتم مانت (مخفی) سینکرونایز P2O فول با قفل 3D - فانتونی"
6756,"ریل باتم مانت (مخفی) سینکرونایز فول با قفل 3D - فانتونی"
6757,"ریل باتم مانت (مخفی) سینکرونایز P2O فول با آرامبند و قفل 3D - فانتونی"
6758,"ریل ساچمه ای سه تکه تلسکوپی P2O - فانتونی"
6759,"ریل ساچمه ای سه تکه تلسکوپی ساده - فانتونی"
6785,"ریل ساچمه ای سه تکه تلسکوپی با آرامبند - فانتونی"
6786,"ریل بدنه دار اسلیم - فانتونی"
6787,"ریل بدنه دار اسلیم اینر با فرانت آلومینیوم - فانتونی"
6815,"ریل بدنه دار اسلیم اینر با فرانت شیشه - فانتونی"
6816,"لوازم اینر ریل اسلیم با فرانت آلومینیوم - فانتونی"
6817,"لوازم اینر ریل اسلیم با براکت شیشه جلو - فانتونی"
6818,"ریل بدنه دار اسلیم شیشه - فانتونی"
6845,"ریل بدنه دار اسلیم شیشه اینر با فرانت آلومینیوم - فانتونی"
6846,"ریل بدنه دار اسلیم شیشه اینر با فرانت شیشه - فانتونی"
6847,"لوازم اینر ریل اسلیم شیشه با فرانت آلومینیوم - فانتونی"
6848,"لوازم اینر ریل اسلیم شیشه با فرانت شیشه - فانتونی"
6874,"مکانیزم هوایی درب ریلی شیشه‌ای توکار با فریم آلومینیوم بدون آرامبند C721 - فانتونی"
6875,"مکانیزم جک HV-F با آرامبند - فانتونی"
6876,"مکانیزم جک پمپی با آرامبند - فانتونی"
6877,"مکانیزم وان تاچ P2O با آرامبند - فانتونی"
6878,"مکانیزم وان تاچ P2O با آرامبند پریمیوم - فانتونی"
6879,"مکانیزم جک HK با آرامبند - فانتونی"
6880,"مکانیزم جک HK-P2O - فانتونی"
6881,"مکانیزم درب ریلی تاپ لاین توکار - فانتونی"
6882,"مکانیزم هوایی درب ریلی شیشه‌ای توکار فریم لس (بدون ریل کف) با آرامبند C722 - فانتونی"
6883,"مکانیزم هوایی درب ریلی این لاین دستی C740 - فانتونی"
6905,"مکانیزم درب ریلی SL خطی دکوری روکار - فانتونی"
6906,"مکانیزم هوایی درب ریلی این لاین برقی سینکرونایز متقارن - فانتونی"
6907,"مکانیزم برقی درب کرکره‌ای شیشه - فانتونی"
6908,"مکانیزم هوایی کلایمر اسمارت برقی - فانتونی"
6909,"لمن کرنر دایمند استایل زیر صفحه - فانتونی"
6910,"مجیک کرنر کریستال زیر صفحه - فانتونی"
6911,"مجیک کرنر اسلیم زیر صفحه - فانتونی"
6923,"مکانیزم کنج گردان برقی 360 درجه D020 - فانتونی"
6924,"مجیک کرنر کامفورت کریستال D110 - فانتونی"
6925,"مجیک کرنر کامفورت اسلیم D510 - فانتونی"
6934,"سوپر تاندم لولایی کمدی کریستال - فانتونی"
6935,"سوپر ریلی کمدی کریستال - فانتونی"
6936,"سوپر کانوی لولایی کمدی کریستال - فانتونی"
6937,"سوپر لردر لولایی مدل دبل باکس اسلیم با فرانت آلومینیوم - فانتونی"
6965,"سوپر لردر لولایی مدل اسلیم با فرانت آلومینیوم - فانتونی"
6966,"سوپر لردر لولایی مدل اسلیم با فرانت شیشه - فانتونی"
6967,"سوپر لردر لولایی مدل اسلیم شیشه با فرانت آلومینیوم - فانتونی"
6968,"سوپر لردر لولایی مدل اسلیم شیشه با فرانت شیشه - فانتونی"
6969,"سوپر تاندم لولایی کمدی اسلیم - فانتونی"
6995,"سوپر ریلی کمدی اسلیم - فانتونی"
6996,"سوپر کانوی لولایی کمدی اسلیم - فانتونی"
6997,"سوپر جا بطری زیر صفحه تمام استیل ریل از کف - فانتونی"
7019,"سوپر مواد شوینده زیر سینکی استیل ریل از کف F051 - فانتونی"
7020,"سوپر مواد شوینده زیر سینکی کریستال متصل به بدنه F152 - فانتونی"
7025,"سوپر جا بطری زیر صفحه کریستال متصل به بدنه - فانتونی"
7026,"سوپر تاندم لولایی زیر صفحه کریستال - فانتونی"
7027,"سوپر جا بطری زیر صفحه استیل و شیشه ریل از کف - فانتونی"
7028,"سوپر لردر زیر صفحه اسلیم - فانتونی"
7029,"سوپر لردر زیر صفحه اسلیم شیشه - فانتونی"
7055,"سوپر لردر زیر صفحه دبل باکس اسلیم - فانتونی"
7056,"سوپر جا بطری زیر صفحه اسلیم متصل به بدنه - فانتونی"
7057,"سوپر تاندم لولایی زیر صفحه اسلیم - فانتونی"
7058,"سوپر مواد غذایی زیر صفحه اسلیم ریل از کف - فانتونی"
7085,"آبچکان بالای سینک تمام استیل با جای بشقاب - فانتونی"
7086,"آبچکان بالای سینک تمام استیل - فانتونی"
7087,"هولدر اسلیم دیواری جای بطری - فانتونی"
7089,"رک جای بطری زیر کابینت هوایی G090 - فانتونی"
7090,"رک فلت جای گیلاس سقفی G095 - فانتونی"
7091,"رک فلت جای بطری کفی G096 - فانتونی"
7092,"رک تک ریلی جای گیلاس زیر کابینت هوایی G097 - فانتونی"
7093,"رک دو ریلی جای گیلاس زیر کابینت هوایی G098 - فانتونی"
7094,"رک آسانسوری یونیت هوایی G100 - فانتونی"
7095,"رک بین کابینتی جای ادویه G101 - فانتونی"
7096,"سبد آگیلیس هوایی با جک آسانسوری کریستال G161 - فانتونی"
7097,"سبد آگیلیس برقی هوایی ریلی آسانسوری کریستال G261 - فانتونی"
7098,"سبد آگیلیس برقی هوایی با جک آسانسوری کریستال G361 - فانتونی"
7099,"سبد آگیلیس هوایی با جک آسانسوری اسلیم G561 - فانتونی"
7110,"صداگیر کف کشو طرح مارکیز H001 - فانتونی"
7111,"صداگیر کف کشو طرح برلیان H002 - فانتونی"
7112,"جای قاشق کنار گاز H011 - فانتونی"
7113,"جای دستمال کاغذی آشپزخانه H012 - فانتونی"
7114,"جای بشقاب پرتابل قابل تنظیم H013 - فانتونی"
7115,"میز کشویی با آرامبند - فانتونی"
7116,"سبد لیفت آپ برقی H200 - فانتونی"
7117,"مکانیزم ریلی جزیره برقی H400 - فانتونی"
7118,"مکانیزم ریلی جزیره و سینک برقی H401 - فانتونی"
7121,"پروفیل دور درب آلومینیومی I010 LL - فانتونی"
7122,"پروفیل دور درب آلومینیومی I020 LS - فانتونی"
7123,"پروفیل دور درب آلومینیومی I030 LR - فانتونی"
7124,"پروفیل دور درب آلومینیومی مورب I040 - فانتونی"
7125,"کرنر جوینت پروفیل درب کمد و کابینت مدل ژرمن استایل I202 - فانتونی"
7126,"کاور دیفیوزر نورپردازی I203 - فانتونی"
7127,"پروفیل درب کمد و کابینت مدل ژرمن استایل I220 - فانتونی"
7128,"پروفیل شلف مدل استار I230 - فانتونی"
7129,"پروفیل شلف مدل استارپلاس I231 - فانتونی"
7130,"پروفیل درب کمد و کابینت مدل فرنچ استایل I240 - فانتونی"
7131,"گسکت نگهدارنده شیشه جهت پروفیل فرنچ استایل I250 - فانتونی"
7132,"پروفیل هنگر شلف آلومینیومی دیواری دکوراتیو مدل L فرم با قابلیت نورپردازی I251 - فانتونی"
7133,"پروفیل شلف آلومینیومی دیواری دکوراتیو مدل L فرم با قابلیت نورپردازی I256 - فانتونی"
7134,"پروفیل آلومینیومی کپ انتهایی عمودی شلف ترکیبی دکوراتیو I260 - فانتونی"
7135,"پروفیل آلومینیومی استند عمودی شلف ترکیبی دکوراتیو I261 - فانتونی"
7136,"پروفیل آلومینیومی کپ عمودی میانه (i264) و طبقه افقی (i263) شلف ترکیبی دکوراتیو I262 - فانتونی"
7137,"پروفیل آلومینیومی طبقه افقی با قابلیت نورپردازی شلف ترکیبی دکوراتیو I263 - فانتونی"
7138,"پروفیل آلومینیومی عمودی میانه شلف ترکیبی دکوراتیو I264 - فانتونی"
7139,"پروفیل آلومینیومی مستطیلی محافظ جلو طبقه افقی شلف ترکیبی دکوراتیو I265 - فانتونی"
7140,"پروفیل آلومینیومی جای گیلاس افقی شلف ترکیبی دکوراتیو I266 - فانتونی"
7141,"شلف آلومینیومی دکوراتیو مدل T فرم با قابلیت نورپردازی I270 - فانتونی"
7142,"پروفیل هنگر شلف آلومینیومی دکوراتیو مدل T فرم با قابلیت نورپردازی I271 - فانتونی"
7143,"قاب درپوش شلف آلومینیومی دکوراتیو مدل T فرم I272 - فانتونی"
7144,"پروفیل عمودی درب کمد و کابینت مدل پرشین استایل I280 - فانتونی"
7145,"کپ درپوش بالا یا پایین ساده مدل فرنچ استایل - فانتونی"
7146,"قاب درپوش شلف آلومینیومی دیواری دکوراتیو مدل L فرم - فانتونی"
7147,"قاب درپوش پروفیل هنگر شلف آلومینیومی دیواری دکوراتیو مدل L فرم - فانتونی"
7148,"کپ درپوش بالا یا پایین مدل بریتیش استایل - فانتونی"
7149,"کپ درپوش بالا یا پایین مدل آمریکن استایل - فانتونی"
7150,"پروفیل عمودی دستگیره کمد و کابینت مدل پرشین استایل I281 - فانتونی"
7151,"پروفیل افقی بالا و پایین درب کمد و کابینت مدل پرشین استایل I282 - فانتونی"
7152,"کرنر جوینت پروفیل جهت درب مدل پرشین استایل I283 - فانتونی"
7153,"کانکتور پروفیل مدل پرشین استایل I284 - فانتونی"
7154,"پروفیل درب کمد و کابینت مدل بریتیش استایل I310 - فانتونی"
7155,"گسکت نگهدارنده شیشه جهت پروفیل بریتیش استایل I319 - فانتونی"
7156,"پروفیل درب کمد و کابینت مدل آمریکن استایل I320 - فانتونی"
7157,"گسکت نگهدارنده شیشه جهت پروفیل آمریکن استایل I329 - فانتونی"
7158,"پروفیل درب کمد و کابینت مدل اسپانیش استایل I330 - فانتونی"
7159,"دستگیره مدل اسپانیش استایل I335 - فانتونی"
7160,"گسکت نگهدارنده شیشه جهت پروفیل مدل اسپانیش استایل I339 - فانتونی"
7161,"پروفیل خطی جای پاشنه کفش دستگیره خطی I700 - فانتونی"
7175,"کپ درپوش بالا یا پایین مدل اسپانیش استایل - فانتونی"
7176,"هولدر هنگر زاویه متغیر - فانتونی"
7177,"زیرسری میله رگال سقفی مستطیلی - فانتونی"
7178,"کشو ایمنی داخل کمد و میز با اثر انگشت - فانتونی"
7186,"میز اطو ریلی ایستاده دیواری با پایه متصل به بدنه J406 - فانتونی"
7187,"کشو ایمنی داخل کمد و میز J409 - فانتونی"
7188,"کشو ایمنی داخل کمد و میز با اثر انگشت J410 - فانتونی"
7189,"میز اطو ریلی رومیزی با پایه گردان و صفحه تاشو J416 - فانتونی"
7190,"بست ال زیر سقف جهت نصب رانر ریل J483 - فانتونی"
7191,"بست اتصال اکسسوری ریلی طرح ویبو به درب چوبی J484 - فانتونی"
7192,"بست اتصال اکسسوری ریلی طرح ایتالین به درب چوبی J485 - فانتونی"
7193,"آینه چرخان بدون فریم J701 - فانتونی"
7194,"باکس آویز پشت درب کمد J720 - فانتونی"
7204,"کشو ایمنی داخل کمد و میز - فانتونی"
7205,"رک جا کفشی استیل - فانتونی"
7206,"میله رگال مستطیل - فانتونی"
7207,"زیرسری میله رگال دیواری مستطیلی - فانتونی"
7208,"کشو شیشه ای ریلی ایتالین - فانتونی"
7209,"سینی مشبک جای زیور آلات ریلی ایتالین - فانتونی"
7235,"رک ریلی جای شلوار ایتالین - فانتونی"
7236,"سبد فلزی ریلی ایتالین - فانتونی"
7237,"سبد حصیری ریلی ایتالین - فانتونی"
7238,"جا کفشی ریلی ایتالین - فانتونی"
7265,"رک ریلی جای شلوار دیواری یک طرفه فرنچ استایل - فانتونی"
7266,"رک ریلی جای شلوار سقفی دو طرفه فرنچ استایل - فانتونی"
7267,"رک ریلی جای شلوار سقفی یک طرفه فرنچ استایل - فانتونی"
7268,"رک ریلی هنگر لباس سقفی فرنچ استایل - فانتونی"
7269,"رگال با جک آسانسوری فرنچ استایل - فانتونی"
7270,"باکس چرمی کشویی فرنچ استایل - فانتونی"
7294,"کشو ایمنی چرمی فرنچ استایل - فانتونی"
7295,"استند جا کفشی کمدی گَردان فرنچ استایل - فانتونی"
7296,"باکس چرمی مشبک کامپکت با قابلیت تغییر سایز فرنچ استایل - فانتونی"
7297,"سینی مشبک جای زیورآلات چرمی ریلی فرنچ استایل - فانتونی"
7298,"رک ریلی جای شلوار چرمی فرنچ استایل - فانتونی"
7299,"سبد چرمی ریلی فرنچ استایل - فانتونی"
7325,"باکس چرمی ترکیبی جای کروات فرنچ استایل - فانتونی"
7326,"باکس چرمی ترکیبی جای گوشواره و انگشتر فرنچ استایل - فانتونی"
7327,"باکس چرمی ترکیبی جای ساعت و کمربند فرنچ استایل - فانتونی"
7328,"باکس چرمی ترکیبی چند منظوره فرنچ استایل - فانتونی"
7329,"باکس چرمی پرتابل - فانتونی"
7330,"میله رگال مستطیلی فرنچ استایل - فانتونی"
7355,"رول چرمی - فانتونی"
7361,"کمربند تاب گیر پشت درب بلند و کمدی K010 (2400mm) - فانتونی"
7362,"مکانیزم درب تاشو آکاردئونی دو درب پروفیل آلومینیوم درب شیشه‌ای (عرض هر درب حداکثر 1200mm) K016 - فانتونی"
7363,"مکانیزم این لاین درب ریلی دو درب (طول 1800~2400mm) K055 - فانتونی"
7364,"مکانیزم روف هنگ چوبی ساختمانی لینکیج متقارن سینکرونایز (طول 7200mm | عرض هر درب حداکثر 1350mm) K096 - فانتونی"
7365,"مکانیزم روف هنگ پروفیل آلومینیومی ساختمانی لینکیج متقارن سینکرونایز (طول 7200mm | عرض هر درب حداکثر 1350mm) K097 - فانتونی"
7366,"مکانیزم روف هنگ تک درب پروفیل آلومینیومی ساختمانی سینکرونایز (طول 7200mm | عرض هر درب حداکثر 1350mm) K099 - فانتونی"
7367,"مکانیزم روف هنگ تک درب پروفیل آلومینیومی ساختمانی (طول 2400mm | عرض هر درب حداکثر 1200mm) K109 - فانتونی"
7368,"مکانیزم وال هنگ تک درب چوبی ساختمانی (طول 2400mm | عرض هر درب حداکثر 1200mm) K103 - فانتونی"
7369,"مکانیزم وال هنگ تک درب فریم لس شیشه‌ای ساختمانی (طول 2400mm | عرض هر درب حداکثر 1200mm) K104 - فانتونی"
7370,"مکانیزم وال هنگ تک درب پروفیل آلومینیومی ساختمانی (طول 2400mm | عرض هر درب حداکثر 1200mm) K105 - فانتونی"
7371,"مکانیزم وال هنگ تک درب روستیک ساختمانی (طول 2400mm | عرض هر درب حداکثر 1200mm) K106 - فانتونی"
7372,"مکانیزم روف هنگ تک درب فریم لس شیشه‌ای ساختمانی (طول 2400mm | عرض هر درب حداکثر 1200mm) K108 - فانتونی"
7373,"مکانیزم وال هنگ نامرئی تک درب با پروفیل آلومینیومی بدون پروفیل کف (طول | عرض هر درب حداکثر 1500mm) K110 - فانتونی"
7374,"مکانیزم وال هنگ نامرئی تک درب چوبی بدون پروفیل کف (عرض هر درب حداکثر 1500mm) K120 - فانتونی"
7375,"مکانیزم ریلی تاپ لاین توکار دو درب چوبی بدون ریل کف (طول 2400mm | عرض هر درب حداکثر 1200mm) K423 - فانتونی"
7376,"مکانیزم ریلی تاپ لاین توکار دو درب بدون ریل کف (طول 2400mm | عرض هر درب حداکثر 1200mm) K524 - فانتونی"
7377,"مکانیزم آکاردئونی دو درب چوبی ساختمانی بدون پروفیل کف (طول 1600mm | عرض هر درب حداکثر 800mm) K602 - فانتونی"
7378,"مکانیزم آکاردئونی دو درب پروفیل آلومینیومی ساختمانی بدون پروفیل کف (طول 1600mm | عرض هر درب حداکثر 800mm) K702 - فانتونی"
7379,"مکانیزم آکاردئونی سه درب چوبی ساختمانی بدون پروفیل کف (طول 2400mm | عرض هر درب حداکثر 800mm) K603 - فانتونی"
7380,"مکانیزم آکاردئونی سه درب پروفیل آلومینیومی ساختمانی بدون پروفیل کف (طول 2400mm | عرض هر درب حداکثر 800mm) K703 - فانتونی"
7381,"مکانیزم آکاردئونی چهار درب چوبی ساختمانی بدون پروفیل کف (طول 3200mm | عرض هر درب حداکثر 800mm) K604 - فانتونی"
7382,"مکانیزم آکاردئونی چهار درب پروفیل آلومینیومی ساختمانی بدون پروفیل کف (طول 3200mm | عرض هر درب حداکثر 800mm) K704 - فانتونی"
7383,"مکانیزم آکاردئونی پنج درب چوبی ساختمانی بدون پروفیل کف (طول 4000mm | عرض هر درب حداکثر 800mm) K605 - فانتونی"
7384,"مکانیزم آکاردئونی پنج درب پروفیل آلومینیومی ساختمانی بدون پروفیل کف (طول 4000mm | عرض هر درب حداکثر 800mm) K705 - فانتونی"
7385,"مکانیزم درب لولایی کمدی پاکت دُر تک درب چوبی (ارتفاع 1800~2850mm | عرض 420~600mm) - فانتونی"
7386,"مکانیزم درب لولایی کمدی پاکت دُر تک درب چوبی مدل اِکو دو فریم (ارتفاع 1000~2000mm) - فانتونی"
7387,"مکانیزم درب لولایی کمدی پاکت دُر تک درب چوبی مدل اِکو سه فریم (ارتفاع 1600~2700mm) - فانتونی"
7388,"مکانیزم درب ریلی این لاین خطی دستی - فانتونی"
7389,"مکانیزم آکاردئونی شش درب چوبی ساختمانی بدون پروفیل کف (طول 4800mm | عرض هر درب حداکثر 800mm) K606 - فانتونی"
7390,"مکانیزم آکاردئونی شش درب پروفیل آلومینیومی ساختمانی بدون پروفیل کف (طول 4800mm | عرض هر درب حداکثر 800mm) K706 - فانتونی"
7414,"مکانیزم درب ریلی این لاین خطی برقی - فانتونی"
7415,"مکانیزم این لاین دکوراتیو دو درب متقارن جهت کمد و میز TV و کتابخانه - فانتونی"
7416,"مکانیزم این لاین کمدی چهار درب سینکرونایز متقارن - فانتونی"
7417,"مکانیزم این لاین هوایی چهار درب سینکرونایز متقارن جهت کمد و میز TV و کتابخانه - فانتونی"
7418,"مکانیزم روف هنگ تک درب چوبی ساختمانی - فانتونی"
7419,"مکانیزم این لاین تک درب چوبی ساختمانی (طول 2400mm | عرض هر درب حداکثر 1200mm) - فانتونی"
7445,"مکانیزم روف هنگ چوبی ساختمانی لینکیج متقارن سینکرونایز (طول 2400mm | عرض هر درب حداکثر 1200mm) - فانتونی"
7446,"مکانیزم روف هنگ پروفیل آلومینیومی ساختمانی لینکیج متقارن سینکرونایز (طول 2400mm | عرض هر درب حداکثر 1200mm) - فانتونی"
7447,"مکانیزم روف هنگ چوبی ساختمانی لینکیج متقارن سینکرونایز (طول 3600mm | عرض هر درب حداکثر 1200mm) - فانتونی"
7448,"مکانیزم روف هنگ پروفیل آلومینیومی ساختمانی لینکیج متقارن سینکرونایز (طول 3600mm | عرض هر درب حداکثر 1200mm) - فانتونی"
7449,"مکانیزم روف هنگ چوبی ساختمانی لینکیج متقارن سینکرونایز (طول 4800mm | عرض هر درب حداکثر 1200mm) - فانتونی"
7450,"مکانیزم روف هنگ پروفیل آلومینیومی ساختمانی لینکیج متقارن سینکرونایز (طول 4800mm | عرض هر درب حداکثر 1200mm) - فانتونی"
7451,"مکانیزم روف هنگ چوبی ساختمانی لینکیج متقارن سینکرونایز (طول 6000mm | عرض هر درب حداکثر 1200mm) - فانتونی"
7452,"مکانیزم روف هنگ پروفیل آلومینیومی ساختمانی لینکیج متقارن سینکرونایز (طول 6000mm | عرض هر درب حداکثر 1200mm) - فانتونی"
7453,"مکانیزم روف هنگ چوبی ساختمانی لینکیج متقارن سینکرونایز (طول 7200mm | عرض هر درب حداکثر 1200mm) - فانتونی"
7454,"مکانیزم روف هنگ پروفیل آلومینیومی ساختمانی لینکیج متقارن سینکرونایز (طول 7200mm | عرض هر درب حداکثر 1200mm) - فانتونی"
7475,"لولا Swing پروفیل آلومینیوم - فانتونی"
7476,"مکانیزم درب تاشو آکاردئونی دو درب - فانتونی"
7477,"مکانیزم ریلی تاپ لاین توکار (عرض هر درب حداکثر 1200mm) - فانتونی"
7478,"مکانیزم ریلی تاپ لاین روکار (عرض هر درب حداکثر 1200mm) - فانتونی"
7479,"مکانیزم وال هنگ دو درب چوبی ساختمانی متقارن سینکرونایز - فانتونی"
7480,"مکانیزم وال هنگ دو درب پروفیل آلومینیومی ساختمانی متقارن سینکرونایز - فانتونی"
7481,"مکانیزم روف هنگ دو درب چوبی ساختمانی متقارن سینکرونایز - فانتونی"
7482,"مکانیزم روف هنگ دو درب پروفیل آلومینیومی ساختمانی متقارن سینکرونایز - فانتونی"
7501,"اتصال دستگیره L و U زمینی L200 - فانتونی"
7502,"پروفیل زیر صفحه کابینت L601 - فانتونی"
7503,"کرنر جوینت پروفیل زیر صفحه کابینت L611 - فانتونی"
7504,"پروفیل پاخور آلومینیومی مورب خطی با قابلیت نور پردازی L620 - فانتونی"
7505,"دستگیره پروفیلی H فرم - فانتونی"
7506,"دستگیره پروفیلی G فرم - فانتونی"
7507,"دستگیره پروفیلی L فرم زمینی - فانتونی"
7508,"دستگیره پروفیلی U فرم زمینی - فانتونی"
7509,"دستگیره پروفیلی L فرم کمدی - فانتونی"
7510,"دستگیره پروفیلی U فرم کمدی - فانتونی"
7511,"دستگیره پروفیلی L فرم زمینی سرامیکی نانو ضدخش - فانتونی"
7512,"کنج پاخور آلومینیومی مورب خطی L621 - فانتونی"
7513,"اتصال میانه پاخور آلومینیومی مورب خطی L622 - فانتونی"
7514,"گسکت درزگیر زیر پروفیل پاخور آلومینیومی مورب خطی L623 - فانتونی"
7535,"دستگیره پروفیلی U فرم زمینی سرامیکی نانو ضدخش - فانتونی"
7536,"دستگیره پروفیلی L فرم کمدی سرامیکی نانو ضدخش - فانتونی"
7537,"دستگیره پروفیلی U فرم کمدی سرامیکی نانو ضدخش - فانتونی"
7538,"دستگیره پروفیلی H فرم سرامیکی نانو ضدخش - فانتونی"
7539,"دستگیره پروفیلی G فرم سرامیکی نانو ضدخش - فانتونی"
7540,"پاخور آلومینیومی سرامیکی نانو ضدخش - فانتونی"
7565,"پاخور آلومینیومی - فانتونی"
7566,"پاخور آلومینیومی - فانتونی"
7567,"پاخور آلومینیومی سرامیکی نانو ضدخش - فانتونی"
7580,"کلیپس پاخور M014 MDF - فانتونی"
7581,"اتصال فیتینگ مدل M023 J1 - فانتونی"
7582,"اتصال فیتینگ دو قطعه M024 J2 - فانتونی"
7583,"اتصال فیتینگ دو قطعه M025 J3 - فانتونی"
7584,"قرقره تاپ لاین M مدل اکو M032 - فانتونی"
7585,"پروفیل بالا و پایین تاپ لاین M مدل اکو M033 - فانتونی"
7586,"استوپر تاپ لاین M مدل اکو M035 - فانتونی"
7587,"دمپر مدادی توکار M084 - فانتونی"
7588,"دمپر مدادی روکار M085 - فانتونی"
7589,"فیتینگ قابل ریگلاژ M103 H3 - فانتونی"
7590,"فیتینگ قابل ریگلاژ M104 H4 - فانتونی"
7591,"دستگیره پاخور M117 - فانتونی"
7592,"گونیا تخت مدل M150 J4 - فانتونی"
7593,"قفل کلیدی سه کشو M210 - فانتونی"
7594,"قفل کلیدی تک کشو M211 - فانتونی"
7595,"پایه ال مبلی قابل ریگلاژ - فانتونی"
7596,"پایه شفتی - فانتونی"
7597,"پایه کابینت مثلثی M313 - فانتونی"
7598,"خار طبقه شیشه مدل M320 G1 - فانتونی"
7599,"خار طبقه شیشه مدل M321 G2 - فانتونی"
7600,"خار طبقه شیشه مدل M322 G3 - فانتونی"
7601,"خار طبقه شیشه مدل M323 G4 - فانتونی"
7602,"خار طبقه شیشه مدل M324 G5 - فانتونی"
7603,"خار طبقه شیشه مدل M325 G6 - فانتونی"
7604,"بست نگهدارنده شیشه مدل M330 A1 - فانتونی"
7605,"بست نگهدارنده شیشه مدل M331 A2 - فانتونی"
7606,"بست نگهدارنده شیشه مدل M338 A7 - فانتونی"
7607,"بست پشت شیشه ویترین مدل M350 S1 - فانتونی"
7608,"بست پشت شیشه ویترین مدل M351 S2 - فانتونی"
7609,"گردگیر کنج صفحه M352 - فانتونی"
7610,"ضربه گیر و صداگیر مدل M353 B2 - فانتونی"
7611,"ضربه گیر کنج جهت بسته بندی مدل M354 B3 - فانتونی"
7612,"ضربه گیر کنج جهت بسته بندی مدل M355 B4 - فانتونی"
7613,"قرنیز صفحه M600 - فانتونی"
7614,"پک اتصالات قرنیز صفحه M610 - فانتونی"
7615,"مگنت P2O پریمیوم مدل آلفا M718 - فانتونی"
7616,"مگنت P2O پریمیوم مدل بتا M818 - فانتونی"
7617,"مگنت P2O جذبی پریمیوم مدل گاما M918 - فانتونی"
7625,"پایه کابینت - فانتونی"
7629,"داکت کابل برق N191 - فانتونی"
7630,"سنسور تاچ دیمر (کلید لمسی) N195 - فانتونی"
7631,"پریز برق استوانه ای دستی N371 - فانتونی"
7632,"پریز برق لیفت آپ الکتریال با دکمه تاچ N372 - فانتونی"
7633,"پریز برق لیفت آپ N373 - فانتونی"
7634,"پریز برق لیفت آپ دستی مدل N374 FlipPlug - فانتونی"
7635,"پریز برق لیفت آپ N375 Slide Volt - فانتونی"
7636,"هاب شارژ لیفت آپ مدل N376 ChargeHub X3 - فانتونی"
7637,"پریز برق چرخشی با روکش چرمی مدل N387 SwiftWall - فانتونی"
7638,"پریز برق چرخشی با روکش چرمی مدل N388 SwiftWall - فانتونی"
7639,"رک مگنتیک توکار با قابلیت کات تو سایز مدل N430 ModuRack - فانتونی"
7640,"ماژول پریز برق مگنتیک مدل N431 ModPort - فانتونی"
7641,"ماژول پریز برق مگنتیک مدل N432 EasyMag Mod - فانتونی"
7642,"ماژول USB3 مگنتیک مدل N433 FlexiConnect - فانتونی"
7643,"رک مگنتیک روکار با قابلیت کات تو سایز مدل N440 MagnoLink - فانتونی"
7644,"چراغ LED گرد نقطه ای سه تایی همراه با ترانس N677 - فانتونی"
7645,"چراغ LED مستطیلی تخت زیر سقفی با دکمه مکانیکی N679 - فانتونی"
7646,"چراغ LED رولی N691 iP20 - فانتونی"
7647,"سنسور چشمی درب کابینت و کمد N806 - فانتونی"
7648,"سنسور چشمی درب کابینت و کمد روکار دو درب N807 - فانتونی"
7649,"سنسور چشمی درب کابینت و کمد روکار تک درب N808 - فانتونی"
7650,"چراغ LED پایه دار مینیمال لایت پل N901 - فانتونی"
7651,"چراغ LED پایه دار مینیمال لایت پو N902 - فانتونی"
7652,"چراغ LED پایه دار مینیمال لوتوس N903 - فانتونی"
7653,"چراغ LED ویترینی لایت ویو N904 - فانتونی"
7654,"چراغ LED پایه دار مینیمال بلک پال N905 - فانتونی"
7655,"پریز برق دو طرفه اسلاید باز شو مدل اسلیم پلاس - فانتونی"
7656,"پریز برق یک طرفه اسلاید بازشو مدل اسلیم پلاس - فانتونی"
7657,"پریز برق توکار با درب فلپ آرامبند - فانتونی"
7658,"پریز برق مدل پاپ آپ P2O مکانیکی - فانتونی"
7659,"پریز برق پاپ آپ با دکمه تاچ مکانیکی - فانتونی"
7660,"چراغ LED ویترینی نویر N906 - فانتونی"
7661,"چراغ LED خطی ویترینی الیتا N911 - فانتونی"
7662,"چراغ LED خطی ویترینی لومی N912 - فانتونی"
7663,"چراغ LED مستطیلی دکوراتیو لایت شاو N915 - فانتونی"
7664,"چراغ LED رک ریلی ویرو لایت N918 - فانتونی"
7665,"چراغ LED نمایشگاهی لایتور N921 - فانتونی"
7666,"چراغ LED نمایشگاهی ریلیس لایت N922 - فانتونی"
7667,"چراغ LED سقفی فلوکا N923 - فانتونی"
7668,"رک ریلی مگنتی تریمو N931 - فانتونی"
7669,"رک ریلی U shape تری انگل N932 - فانتونی"
7670,"چراغ LED ریلی لمپ لومیس N933 - فانتونی"
7671,"چراغ LED ریلی لمپ آسترا N934 - فانتونی"
7672,"رک ریلی مگنتی لینکس N935 - فانتونی"
7673,"چراغ LED خطی سقفی نوارا N990 - فانتونی"
7674,"چراغ LED خطی سقفی کلیرن N991 - فانتونی"
7685,"پریز برق پاپ آپ با دکمه تاچ مکانیکی - فانتونی"
7686,"پریز برق پاپ آپ با دکمه تاچ مکانیکی - فانتونی"
7687,"پریز برق پاکت دُر - فانتونی"
7688,"پریز برق زیر میز اداری و زیر یونیت هوایی - فانتونی"
7689,"پریز برق مدل امریکن با درب فلپ - فانتونی"
7690,"پریز برق مدل امریکن پلاس با درب فلپ - فانتونی"
7691,"پریز برق کشویی دوطرفه اسلاید بازشو مدل اسلیم - فانتونی"
7692,"پریز برق کشویی یک طرفه اسلاید بازشو مدل اسلیم - فانتونی"
7693,"چراغ LED زیر یونیت هوایی به همراه دستگیره - فانتونی"
7715,"چراغ LED داخل کمد و کابینت جهت شلف شیشه‌ای - فانتونی"
7716,"چراغ LED داخل کمد و کابینت جهت جلوی شلف چوبی - فانتونی"
7717,"چراغ LED دکوراتیو مثلثی کُنیک - فانتونی"
7718,"چراغ LED رگال لباس مستطیلی با سنسور - فانتونی"
7719,"چراغ LED شلف شیشه‌ای - فانتونی"
7720,"چراغ LED شلف شیشه‌ای همراه با رگال - فانتونی"
7721,"چراغ LED انتهای شلف چوبی با نور دو طرفه - فانتونی"
7745,"چراغ LED شلف آلومینیومی نگهدارنده بطری به همراه ترانس - فانتونی"
7746,"چراغ LED شلف آلومینیومی نگهدارنده بطری و گیلاس به همراه ترانس - فانتونی"
7747,"چراغ LED شلف آلومینیومی به همراه ترانس - فانتونی"
7748,"چراغ LED نواری سیلیکونی نرم - فانتونی"
7749,"چراغ LED داخل کمد و کشو با تابش نور از جلو - فانتونی"
7750,"چراغ LED شیارخور با نور شیبدار - فانتونی"
7751,"چراغ LED دو طرفه جهت جلوی شلف همراه با سنسور چشمی - فانتونی"
7752,"چراغ LED روکار شیبدار - فانتونی"
7775,"چراغ LED جهت جای کفش - فانتونی"
7776,"ترانس یورو پلاگ - فانتونی"
7777,"چراغ LED بک پنل با سنسور تاچ - فانتونی"
7778,"چراغ LED شلف شیشه‌ای دکوراتیو - فانتونی"
7779,"چراغ LED زیر یونیت هوایی - فانتونی"
7780,"جای قاشق و چنگال استیل - فانتونی"
7781,"جای قاشق و چنگال چوبی - فانتونی"
7799,"جای قاشق و چنگال فلزی اسلیم O200 - فانتونی"
7800,"جای چاقو چوبی O122 - فانتونی"
7805,"جای قاشق و چنگال پلی استایرن مدل کریستال - فانتونی"
7806,"جای قاشق و چنگال پلی استایرن مدل گلوب - فانتونی"
7807,"جای قاشق و چنگال مدل اسلیم - فانتونی"
7832,"سطل توکار رخت چرک لاندری Q045 - فانتونی"
7833,"سطل توکار ریلی رخت چرک لاندری Q060 - فانتونی"
7834,"سطل چند منظوره متصل به درب هایلو Q070 - فانتونی"
7835,"سطل چند منظوره توکار متصل به کف دو سطلی - فانتونی"
7836,"پدال الکترونیکی هایلو (Hailo) با سنسور چشمی کدLibero3/0 Q090 - فانتونی"
7837,"سطل چند منظوره پرتابل Q100 - فانتونی"
7838,"سطل چند منظوره توکار آشپزخانه Q101 - فانتونی"
7839,"سطل چند منظوره توکار متصل به کف هایلو (Hailo) مدل تاندم Q130 - فانتونی"
7840,"سطل چند منظوره توکار متصل به کف هایلو (Hailo) مدل سولو Q140 - فانتونی"
7841,"سطل چند منظوره توکار لولایی هایلو (Hailo) مدل آنو Q145 - فانتونی"
7842,"سطل چند منظوره توکار متصل به کف هایلو (Hailo) مدل رامسپار تاندم اس Q150 - فانتونی"
7843,"سطل چند منظوره توکار متصل به کف هایلو (Hailo) مدل رامسپار تاندم اس پلاس Q160 - فانتونی"
7844,"سطل چند منظوره توکار متصل به بدنه هایلو (Hailo) مدل ایکس ایکس ال Q190 - فانتونی"
7845,"سطل چند منظوره توکار متصل به بدنه هایلو (Hailo) مدل یوروکارگواس Q230 - فانتونی"
7846,"سطل چند منظوره توکار ریل از کف هایلو (Hailo) مدل باتم مانت Q240 - فانتونی"
7847,"سطل چند منظوره توکار متصل به بدنه هایلو (Hailo) مدل یوروکارگواس سی Q245 - فانتونی"
7848,"سطل چند منظوره چند منظوره توکار متصل به بدنه هایلو (Hailo) مدل یوروکارگواس سی Q250 - فانتونی"
7849,"سطل چند منظوره توکار متصل به بدنه هایلو (Hailo) مدل یوروکارگواس سی Q260 - فانتونی"
7850,"سطل چند منظوره توکار لولایی هایلو (Hailo) مدل مونو Q340 - فانتونی"
7851,"سطل چند منظوره توکار Q400 - فانتونی"
7852,"سطل چند منظوره توکار متصل به کف تک سطلی Q430 - فانتونی"
7853,"سطل چند منظوره توکار لولایی هایلو (Hailo) مدل بیگ باکس Q440 - فانتونی"
7854,"ست براکت بغل سطل Q500 - فانتونی"
7855,"سطل ریلی جای برنج و حبوبات توکار Q930 - فانتونی"
7856,"سطل ریلی جای برنج و حبوبات توکار Q935 - فانتونی"
7857,"سطل ریلی جای برنج و حبوبات توکار Q945 - فانتونی"
7861,"آویز لباس و حوله تک قلاب چسبی S001 - فانتونی"
7862,"هولدر دستمال توالت چسبی S002 - فانتونی"
7863,"شلف حمام مشبک یک طبقه چسبی S005 - فانتونی"
7864,"شلف حمام فلت یک طبقه چسبی S006 - فانتونی"
7865,"شلف حمام مستطیل مشبک یک طبقه پیچی S007 - فانتونی"
7866,"شلف حمام مثلث کنج یک طبقه پیچی S008 - فانتونی"
7867,"آویز لباس و حوله تک قلاب پیچی S011 - فانتونی"
7868,"هولدر دستمال توالت پیچی S012 - فانتونی"
7869,"هولدر حوله دست پیچی S013 - فانتونی"
7870,"شلف حمام دوطبقه فلت پیچی S015 - فانتونی"
7871,"شلف حمام دوطبقه کنج پیچی S016 - فانتونی"
7872,"هولدر برس توالت پیچی S017 - فانتونی"
7873,"هولدر جای مایع شستشو پیچی سرامیکی S020 - فانتونی"
7874,"هولدر جای صابونی چسبی سرامیکی S021 - فانتونی"
7875,"هولدر دستمال توالت یک طرفه باز چسبی S022 - فانتونی"
7876,"هولدر حوله دست یک طرفه باز چسبی S023 - فانتونی"
7877,"هولدر حوله دست رینگ بسته چسبی S024 - فانتونی"
7878,"هولدر حوله دست رینگ بسته چسبی S025 - فانتونی"
7879,"شلف حمام رینگ بسته یک طبقه پیچی S026 - فانتونی"
7880,"هولدر برس توالت چسبی سرامیکی S027 - فانتونی"
7881,"هولدر لیوانی جای مسواک و خمیر دندان چسبی سرامیکی S028 - فانتونی"
7882,"هولدر لیوانی جای مسواک و خمیر دندان و سشوار چسبی سرامیکی S029 - فانتونی"
7883,"هولدر آویز لباس و حوله دوقلاب چسبی S041 - فانتونی"
7884,"هولدر دستمال توالت چسبی S042 - فانتونی"
7885,"هولدر جای حوله دست چسبی S043 - فانتونی"
7886,"شلف حمام یک طبقه چسبی S045 - فانتونی"
7887,"هولدر برس توالت چسبی S047 - فانتونی"
7888,"هولدر آویز لباس و حوله تک قلاب پیچی S051 - فانتونی"
7889,"هولدر دستمال توالت فلت پیچی S052 - فانتونی"
7890,"هولدر دستمال توالت با شلف پیچی S053 - فانتونی"
7891,"هولدر جای حوله دست پیچی S054 - فانتونی"
7892,"هولدر جای دستمال توالت به همراه جای مجله پیچی S055 - فانتونی"
7893,"شلف حمام یک طبقه پیچی S056 - فانتونی"
7894,"هولدر برس توالت پیچی سرامیکی S057 - فانتونی"
7895,"هولدر لیوانی جای مسواک و خمیردندان پیچی سرامیکی S058 - فانتونی"
7896,"هولدر جای صابونی پیچی سرامیکی S059 - فانتونی"
7897,"هولدر آویز لباس و حوله تک قلاب پیچی S061 - فانتونی"
7898,"هولدر آویز لباس و حوله دو قلاب پیچی S062 - فانتونی"
7899,"هولدر دستمال توالت پیچی S063 - فانتونی"
7900,"هولدر جای حوله دست پیچی S064 - فانتونی"
7901,"شلف حمام یک طبقه ترکیبی پیچی S065 - فانتونی"
7902,"شلف حمام یک طبقه شیشه ای پیچی S066 - فانتونی"
7903,"هولدر برس توالت پیچی S067 - فانتونی"
7904,"هولدر جای مایع شستشو پیچی S070 - فانتونی"
7905,"هولدر آویز لباس و حوله چهار قلاب پیچی S071 - فانتونی"
7906,"هولدر جای دستمال کاغذی پیچی S072 - فانتونی"
7907,"هولدر جای دستمال کاغذی دوتایی پیچی S073 - فانتونی"
7908,"هولدر حوله دست رینگ بسته پیچی S074 - فانتونی"
7909,"شلف حوله دوتایی رینگ بسته پیچی S075 - فانتونی"
7910,"شلف حمام یک طبقه پیچی S076 - فانتونی"
7911,"هولدر جای برس توالت پیچی S077 - فانتونی"
7912,"هولدر جای مسواک پیچی S078 - فانتونی"
7913,"هولدر جای صابونی پیچی S079 - فانتونی"
7914,"هولدر دستمال کاغذی پیچی S083 - فانتونی"
7915,"شلف حمام یک طبقه پیچی S086 - فانتونی"
7916,"هولدر جای برس توالت پیچی S087 - فانتونی"
7917,"هولدر نگهدارنده سشوار پیچی S089 - فانتونی"
7918,"جای مایع گرد روی صفحه S201 - فانتونی"
7919,"جای مسواک گرد روی صفحه S202 - فانتونی"
7920,"جای دستمال کاغذی پیچی دیواری S301 - فانتونی"
7921,"جای دستمال کاغذی پیچی دیواری S302 - فانتونی"
7922,"سطل سرویس بهداشتی گرد درب الاکلنگی S501 - فانتونی"
7923,"سطل سرویس بهداشتی مربعی درب الاکلنگی S502 - فانتونی"
7924,"هولدر حوله چسبی - فانتونی"
7925,"هولدر حوله آویز پیچی - فانتونی"
7926,"استند لیفت آپ دو پایه چند منظوره - فانتونی"
7927,"قاب داکت لولایی آلومینیومی رومیزی با درب آرامبند - فانتونی"
7932,"استند لیفت آپ تک پایه چند منظوره T001 - فانتونی"
7933,"استند لیفت آپ تک پایه چند منظوره T002 - فانتونی"
7934,"استند لیفت آپ دو پایه چند منظوره T101 - فانتونی"
7935,"استند لیفت آپ دو پایه چند منظوره هوم آفیس T102 - فانتونی"
7936,"استند لیفت آپ تک پایه قابلیت تنظیم صفحه T107 - فانتونی"
7937,"استند لیفت آپ سه پایه L فرم با قابلیت تغییر زاویه T202 - فانتونی"
7938,"استند لیفت آپ چهار پایه T300 - فانتونی"
7939,"استند لیفت آپ چهار پایه دو طرفه T301 - فانتونی"
7940,"استند لیفت آپ سه پایه کنفرانسی T302 - فانتونی"
7941,"دریچه هوا مخصوص کیس کامپیوتر T350 - فانتونی"
7942,"قاب داکت پلاستیکی رومیزی با دیوایدر نوشت افزار بدون سوکت T361 - فانتونی"
7943,"قاب داکت مربع رومیزی T380 - فانتونی"
7944,"استند لیفت آپ رومیزی تک مانیتوره T401 - فانتونی"
7945,"میزکار برقی تک پایه قابل تنظیم T474 - فانتونی"
7946,"میزکار برقی دو پایه قابل تنظیم T475 - فانتونی"
7947,"استند لیفت آپ تک پایه پرتابل TV T503 - فانتونی"
7948,"استند لیفت آپ دو پایه پرتابل TV T505 - فانتونی"
7955,"قاب داکت لولایی دو طرفه آلومینیومی رومیزی - فانتونی"
7956,"قاب داکت پلاستیکی رومیزی با جای قلم و خودکار بدون سوکت - فانتونی"
7957,"قاب داکت لولایی آلومینیومی مدل اکو - فانتونی"
7958,"قاب داکت لولایی آلومینیومی رومیزی مدل اکو بدون سوکت - فانتونی"
7959,"قاب داکت لولایی پلاستیکی رومیزی مدل اکو - فانتونی"
7960,"قاب داکت دایره رومیزی - فانتونی"
7961,"قاب داکت مربع رومیزی PVC - فانتونی"
7962,"جک لیفت آپ برقی با مانیتور - فانتونی"
7985,"استند لیفت آپ تک پایه توکار TV - فانتونی"
7986,"استند لیفت آپ گیمینگ دو پایه - فانتونی"
7992,"لولا آرامبند استارپلاس روکار کلیـپسی با پـایه 3D صلیبی A001 - فانتونی"
7993,"لولا آرامبند استارپلاس نیمه روکار کلیـپسی با پـایه 3D صلیبی A002 - فانتونی"
7994,"لولا آرامبند استارپلاس توکار کلیـپسی با پـایه 3D صلیبی A003 - فانتونی"
7995,"لولا آرامبند استار روکار کلیـپسی با پـایه 3D صلیبی A011 - فانتونی"
7996,"لولا آرامبند استار نیمه روکار کلیـپسی با پـایه 3D صلیبی A012 - فانتونی"
7997,"لولا آرامبند استار توکار کلیـپسی با پـایه 3D صلیبی A013 - فانتونی"
7998,"لولا ساده اِکو روکار کلیـپسی با پـایه چهار پیچ A021 - فانتونی"
7999,"لولا ساده اِکو نیمه روکار کلیـپسی با پـایه چهار پیچ A022 - فانتونی"
8000,"لولا ساده اِکو توکار کلیـپسی با پـایه چهار پیچ A023 - فانتونی"
8001,"لولا آرامبند پروفشنال 160 درجه روکار کلیپسی با پایه 3D صلیبی A031 - فانتونی"
8002,"لولا آرامبند استار پلاس W90 توکار کلیپسی با پایه 3D صلیبی A032 - فانتونی"
8003,"لولا ساده استارپلاس بای فولد 135 درجه کلیپسی با پایه 3D صلیبی A033 - فانتونی"
8004,"لولا ساده اِکو خلاص فشاری (P2O) 100 درجه روکار کلیپسی با پایه چهار پیچ A041 - فانتونی"
8005,"لولا ساده اِکو فنری معکوس (P2O) 100 درجه روکار کلیپسی با پایه چهار پیچ A042 - فانتونی"
8006,"لولا آرامبند پروفشنال تیک-دُر (ضخیم) 95 درجه روکار کلیپسی با پایه 3D صلیبی A061 - فانتونی"
8007,"لولا آرامبند پروفشنال تین_دُر (نازک) 105 درجه روکار کلیپسی با پایه 3D صلیبی A064 - فانتونی"
8008,"لولا آرامبند استار پلاس (45+) روکار کلیپسی با پایه 3D صلیبی A071 - فانتونی"
8009,"لولا آرامبند استار پلاس آینه 125 درجه روکار کلیپسی با پایه 3D صلیبی A072 - فانتونی"
8010,"لولا آرامبند استار شیشه روکار کلیپسی با پایه 3D صلیبی A073 - فانتونی"
8011,"لولا آرامبند استینلس استیل روکار کلیپسی با پایه صلیبی چهارپیچ A081 - فانتونی"
8012,"لولا آرامبند استینلس استیل نیمه روکار کلیپسی با پایه صلیبی چهارپیچ A082 - فانتونی"
8013,"لولا آرامبند استینلس استیل توکار کلیپسی با پایه صلیبی چهارپیچ A083 - فانتونی"
8014,"لولا آرامبند پروفشنال روکار کلیـپسی با پـایه 3D خطی A101 - فانتونی"
8015,"لولا آرامبند پروفشنال نیمه روکار کلیـپسی با پـایه 3D خطی A102 - فانتونی"
8016,"لولا آرامبند پروفشنال توکار کلیـپسی با پـایه 3D خطی A103 - فانتونی"
8017,"لولا آرامبند پروفشنال تیتانیومی روکار کلیپسی با پایه 3D خطی A104 - فانتونی"
8018,"لولا آرامبند پریمیوم تیتانیومی 95 درجه روکار کلیپسی با پایه 3D خطی A113 - فانتونی"
8019,"لولا آرامبند پریمیوم پلاس 95 درجه روکار کلیپسی با کاور و پایه 3D خطی A114 - فانتونی"
8020,"لولا آرامبند پریمیوم پلاس پروفیل آلومینیومی 95 درجه روکار کلیپسی با کاور و پایه 3D خطی A115 - فانتونی"
8021,"لولا آرامبند پریمیوم تیتانیومی 105 درجه روکار کلیپسی با پایه 3D صلیبی A124 - فانتونی"
8022,"لولا آرامبنداستار پلاس تیتانیومی پروفیل آلومینیومی روکار کلیپسی با پایه 3D خطی A410 - فانتونی"
8024,"باکس دوبل بلوم"
8025,"مگنت بلند بلوم"
8026,"مگنت كوتاه بلوم"
8027,"جابشقابی داخل کشو لگراباکس بلوم"
8028,"لوازم كشو سوپرى اينتیوو بلوم"
8029,"لوازم كشو مخفى اينتیوو بلوم"
8030,"آداپتور مگنت بلند بلوم"
8031,"آداپتور مگنت كوتاه بلوم"
8032,"بلوموشن بلوم"
8033,"پاکت در تک درب بلوم"
8034,"پاکت در دو درب بلوم"
8035,"پله فضایی (Space Tower) بلوم"
8036,"جاکاردی داخل کشویی بلوم"
8037,"جای فویل و سلفون بلوم"
8038,"جای قاشق و چنگال لگراباکس بلوم"
8039,"ست برقی یخچال SERVO DRIVE FLEX بلوم"
8040,"لوازم کشو سوپری تاندم باکس بلوم"
8041,"لوازم کشو مخفی تاندم باکس بلوم"
8042,"لوازم میز کار بلوم"
8043,"لوازم تیپان بلوموشن بلوم"
8044,"لوازم سینکرونایز تاندم فول بلوم"
8053,"جاقاشق و چنگال استیل بلوم"
8054,"لولا درب شیشه‌ای UV بلوم"
8055,"لولا صفر درجه (بلاین کرنر) پمپی بلوم"
8056,"جک اونتوس HF (دو درب) بلوم"
8059,"لولا 110 درجه پمپی بلوم"
8060,"لولا 107 درجه پمپی بلوم"
8061,"لولا 155 درجه پمپی (خرچنگی - مشکی) بلوم"
8062,"لولا 155 درجه پمپی (خرچنگی) بلوم"
8063,"لولا 155 درجه ساده (خرچنگی) بلوم"
8064,"لولا 32 میل پمپی (پروفایل - مشکی) بلوم"
8065,"لولا 32 میل (پروفایل) بدون فنر بلوم"
8066,"لولا 32 میل (پروفایل) پمپی بلوم"
8067,"لولا 32 میل (پروفایل) ساده بلوم"
8068,"لولا بای فولد بلوم"
8069,"لولا پمپی 110 درجه مشکی بلوم"
8070,"لولا پمپی 107 درجه مشکی بلوم"
8071,"لولا توکار پمپی بلوم"
8072,"لولا توکار ساده بلوم"
8073,"لولا تين در پمپی بلوم"
8074,"لولا خلاص (بدون فنر) بلوم"
8075,"لولا ساده بلوم"
8076,"لولا صفر درجه (بلاین کرنر) ساده بلوم"
8081,"جک اونتوس HKXS بلوم"
8082,"جک اونتوس HKXS T بلوم"
8084,"جک اونتوس HK-tip-on بلوم"
8085,"جک اونتوس HK TOP-tip-on بلوم"
8086,"جک اونتوس HK TOP بلوم"
8114,"جک اونتوس HK بلوم"
8115,"جک اونتوس HKi-tip-on بلوم"
8116,"جک اونتوس HKi بلوم"
8117,"جک اونتوس HL (اتوبوسی) بلوم"
8144,"جک اونتوس HS بلوم"
8145,"ست برقی جک های اونتوس بلوم"
8146,"ریل اینتیوو بلوم"
8147,"ریل تاندم باکس بلوم"
8174,"ریل تاندم سینگل بلوم"
8175,"ریل تاندم فول بلوم"
8176,"ریل تاندم فول موونتو بلوم"
8204,"ریل لگراباکس بلوم"
8205,"ست برقی کشو SERVO DRIVE بلوم"
8206,"لگراباکس لوازم كشو سوپرى شيشه‌اى بلوم"
8207,"ریل تاندم فول تیپان بلوم"
13621,"لگراباکس لوازم كشو سوپرى ميله‌اى بلوم"
13625,"لگراباکس لوازم كشو مخفى بلوم"
